Workbook

Sheet 1-Instructions
C3: Ground Crossing Strategic Risk Assessment Tool
C5: Developed from the Handbook for public health capacity-building at ground crossings and cross-border collaboration
C6: https://www.who.int/publications/i/item/handbook-for-public-health-capacity-building-at-ground-crossings-and-cross-border-collaboration
C8: How to use this tool. Note: - Information included in the sheet are used to guide the assessment in order to achieve the desired outcomes. - The number of the hazard is limited to 10 in the tool but can be expanded. However, this action will trigger adjustment of the tool.
C9: • Step 1. Assemble a strategic risk assessment team. The knowledge and expertise of the team will greatly influence the quality of the strategic risk assessment process. Additional expertise can be brought in at any time.
C10: • Step 2. Use the Hazard Assessment Sheet to: Identify emerging hazards, known hazards or public health concerns associated with prioritized ground crossings and write the name of each identified hazard in the appropriate range B14 to K14.
C11: • Step 3. For each identified hazard: • Use the Vulnerability Assessment Sheet to assess the vulnerability of the identified hazard. For example, range C9 to E16 provides the area to evaluate the exposure level of Hazard 1 by responding to five questions that generate a score which leads to classification of the vulnerability level of Hazard 1 that appears in cell E104. The score is populated directly in the scorecard sheet (cell D9). • Use the Severity Assessment Sheet to assess the severity of the identified hazard. For example, range B6 to D11 provides the area to evaluate the severity level of Hazard 1 by responding to three questions that generate a score which leads to classification of the severity level of Hazard 1 that appears in cell C81. The score is populated directly in the scorecard sheet (cell D10). • Use the Capacity Assessment Sheet to assess the capacity of the ground crossing. A series of guiding questions is provided in the range C7 to E84 to assist in the evaluation of existing coping capacities that should be used to manage potential hazards. All applicable questions in the tool are to be answered as Yes/Completed, Maybe/In Progress, or No. The overall coping capacity score (1–5) is populated in the range D96 to E97, including the level of the capacity. The overall score is populated directly in the scorecard sheet (range E11 to M11).
C12: • Step 4. The scorecard sheet to assign a level of risk in order to populate the risk matrix. • Step 4.a Use the Likelihood Assessment Sheet to assess the likelihood of the identified hazard. For example, range B9 to D16 provides the areas to evaluate the likelihood level of Hazard 1 by responding to five questions that generate a score leading to classification of the likelihood level of Hazard 1 that appears in cell D104. The score is populated directly in the scorecard sheet (cell D17). • Step 4.b Range C7 to M14 of the Scorecard Sheet is linked to the score of the vulnerability, severity and capacity assessment sheets. The formula (Impact = (vulnerability + severity + coping capacity)/3) in the scorecard sheet generates the impact value and the level of each hazard identified in the range C12 to M14. Range C17 to M18 of the Scorecard Sheet is linked to the score of the likelihood assessment sheet to facilitate the reading of the risk level of each hazard (Range C31 to I127) guided by the risk matrix inserted in the range C21 to I27.
C13: • Step 5. Risk mitigation: Range C13 to M13 in the Risk Mitigation Sheet provides the opportunity to write the mitigation measures for each identified hazard adopted following the assessment.

Sheet 2-Ground Crossing ID
B2: Date of the Assessment
B4: Point of Entry name | C4: Port Sudan International Airport
B5: Address | C5: Sudan Republic – Red sea state Port Sudan international airport
B6: Telephone | C6: [+249311823507]
B7: Fax | C7: P.O BOX 487
B8: Email | C8: portsudanairport@hotmail.com
B9: Web address | C9: AERODROME OPERATOR Sudan Airports Co. Ltd (SAC )
B10: GPS code | C10: LOCATION : Sudan – Red sea state
B11: Designated (Yes/No) | C11: NO
B12: Category (1, 2 or 3 according to WHO categorization)
B14: Contact details of Competent Authority agency بيانات الاتصال بالجهة المختصة | C14: National level | D14: Intermediate level | E14: Local level | F14: Ground crossing level
B15: Address
B16: Telephone
B17: Fax
B18: Email
B19: Web address
B20: GPS code
B21: Contact person details | C21: National level | D21: Intermediate level | E21: Local level | F21: Ground crossing level
B22: Name
B23: Telephone
B24: Email
B26: Contact details of Health Competent Authority agency بيانات الاتصال بالجهة المختصة بالصحة | C26: National level | D26: Intermediate level | E26: Local level | F26: Ground crossing level
B27: Address | C27: Dr.ELFATIH RABEI ABDALLA | D27: Dr.AHMED MOHAMMED OSMAN DARREER | E27: ALI MOHAMED NOR ABOMOHAMED
B28: Telephone | C28: [+249912508725] | D28: [+249912295148] | E28: [+249912488093]
B29: Fax
B30: Email | C30: ElfatihRabie@gmail.com | D30: darreer@gmail.com | E30: airportportsudan@gmail.com
B31: Web address | C31: ElfatihRabie@gmail.com | D31: darreer.wordpress.com | E31: airportportsudan@gmail.com
B32: GPS code | C32: LOCATION : Sudan – Red sea state | D32: LOCATION : Sudan – Red sea state | E32: LOCATION : Sudan – Red sea state
B33: Contact Person details | C33: National level | D33: Intermediate level | E33: Local level | F33: Ground crossing level
B34: Name | C34: TAHANI ADAM MAHDI YOSIF | D34: MUSTAFA MUSA EISA MUSA | E34: ALI MOHAMED NOR ABOMOHAMED
B35: Telephone | C35: [+249911241181] | D35: [+249915622034] | E35: [+249912488093]
B36: Email | C36: tahanydm94@gmail.com | D36: mustafaanshish@gmail.com | E36: airportportsudan@gmail.com

Sheet 3-Hazard Assessment
A2: Listing of all existing or emerging hazards which – on the basis of public health event data – have the potential to cause a health emergency and that may have an impact on the ground crossing. Hazards may be biological, chemical, physical or radiological. قائمة بجميع المخاطر الحالية أو الناشئة التي - بناءً على بيانات الأحداث الصحية العامة - لديها القدرة على التسبب في حالة طوارئ صحية وقد يكون لها تأثير على عبور الطريق البري. قد تكون المخاطر بيولوجية أو كيميائية أو فيزيائية أو إشعاعية.
A3: 1. Assess burden of diseases factors. Review records such as: تقييم عوامل عبء الأمراض. مراجعة سجلات مثل
A4: · epidemiological studies; دراسات الاوبئة
A5: · health-care system data; بيانات نظام الرعاية الصحية
A6: · clinical data; البيانات السريرية
A7: · existing mapping data on the distribution of high-consequence communicable disease; and بيانات رسم الخرائط الحالية حول توزيع الأمراض المعدية ذات العواقب الوخيمة؛
A8: · surveillance data and trends.بيانات الترصد و الميل لحدوث الاوبئة
A9: 2. Evaluate data and linkages between available public health data, literature reviews, studies and academic/research information. تقييم البيانات والارتباطات بين بيانات الصحة العامة المتاحة ومراجعات الأدبيات والدراسات والمعلومات الأكاديمية / البحثية.
A10: 3. Review immunization registries, vital statistics, and note any disparities. قم بمراجعة سجلات التحصين والإحصاءات الحيوية ولاحظ أي فوارق.
A11: 4. Identify type of hazard. تحديد نوع الخطر
B13: HAZARD 1 | C13: HAZARD 2 | D13: HAZARD 3 | E13: HAZARD 4 | F13: HAZARD 5 | G13: HAZARD 6 | H13: HAZARD 7 | I13: HAZARD 8 | J13: HAZARD 9 | K13: HAZARD 10
A14: EXISTING AND EMERGING HAZARD NAME تسمية الخطر | B14: Dengue | C14: Cholera | D14: Malaria | E14: VHF | F14: Covid-19 | G14: Influenza | H14: Mass Casualities | I14: Chemical | J14: Radiological | K14: Physical

Sheet 4- Vulnerabilty Assessment
C4: Exposure: التعرض: بالنسبة لكل خطر محتمل (بيولوجي أو كيميائي أو فيزيائي أو إشعاعي)، قم بتقييم التعرضات المحتملة للأفراد والسكان للمخاطر المحددة في تقييم المخاطر. بالتشاور مع الخبراء المحليين وأصحاب المصلحة والمصادر المحلية للمعلومات، يجب على فريق تقييم المخاطر الاستراتيجية استخدام سلسلة من العوامل التوجيهية وأي معلومات أخرى ذات صلة محلية حول الخطر لتعيين درجة تعرض تتراوح من 1 إلى 5 للخطر. ستكون الدرجة ذاتية وستستند إلى أفضل المعلومات المتوفرة والدقيقة والحديثة For each possible hazard (biological, chemical, physical or radiological), evaluate the potential exposures of individuals and populations to the hazards identified in the hazard assessment. In consultation with local experts, stakeholders and local sources of information, the strategic risk assessment team should use a series of guiding factors and any other locally relevant information about the hazard to assign an exposure score of 1 to 5 to the hazard. The score will be subjective and will be based on the best available, accurate and recent information. The exposure score will be used to determine the level of impact of the hazard.
C5: Guiding factors to take into consideration when determining exposure:
C6: • Identify geographical areas that are likely to be affected by the health consequences and distribution factors (e.g. the number and location of chemical plants and the chemicals they use). • تحديد المناطق الجغرافية التي من المرجح أن تتأثر بالعواقب الصحية وعوامل التوزيع (على سبيل المثال عدد وموقع المصانع الكيميائية والمواد الكيميائية التي تستخدمها). • Identify and estimate the number of exposed persons at a ground crossing who may contract a disease or who could become infected due to lack of immunity (i.e. the susceptible population at risk) in the case of a biological hazard. تحديد وتقدير عدد الأشخاص المعرضين عند المعبر البري والذين قد يصابون بالمرض أو الذين يمكن أن يصابوا بالعدوى بسبب نقص المناعة (أي السكان المعرضين للخطر) في حالة وجود خطر بيولوجي. • Identify and estimate the size and density of communities near the ground crossing or along associated transit routes. تحديد وتقدير حجم وكثافة المجتمعات القريبة من المعبر البري أو على طول طرق العبور المرتبطة به. • Identify and estimate the number of people living in the high-risk area of the ground crossing and adjacent border communities in the case of a chemical or radiological hazard. Note: تحديد وتقدير عدد الأشخاص الذين يعيشون في المنطقة شديدة الخطورة للمعبر البري والمجتمعات الحدودية المجاورة في حالة وجود خطر كيميائي أو إشعاعي. ملحوظة • duration of exposure; and مدة التعرض • risk of exposure to chemical or radiological substances, or vulnerability to natural disasters. خطر التعرض للمواد الكيميائية أو الإشعاعية، أو التعرض للكوارث الطبيعي • Identify the modality of interactions between communities on either side of a ground crossing with travellers, cargoes and conveyances moving across borders. التعرف على طريقة التفاعل بين المجتمعات على جانبي المعبر البري مع المسافرين والبضائع ووسائل النقل التي تتحرك عبر الحدود. The assessment team should use the information collected to answer, for each possible hazard, the five questions that are below. Each question should be answered by either YES or NO. YES scores 1 and NO scores 0. يجب على فريق التقييم استخدام المعلومات التي تم جمعها للإجابة عن الأسئلة الخمسة أدناه لكل خطر محتمل. يجب الإجابة على كل سؤال إما بنعم أو لا. تحصل الإجابة بنعم على 1 وتحصل الإجابة بلا على 0. Click on the drop-down tab in the cell in front of the question to choose the answer. Following this action, the score will appear in the next cell on the same line. When all five questions have been answered, the total vulnerability score for the identified hazard will appear in the cell next to the "TOTAL SCORE" cell. This score will also appear on line 103 while the vulnerability level will appear on line 104 under the column assigned to the identified hazard. انقر فوق علامة التبويب المنسدلة في الخلية الموجودة أمام السؤال لاختيار الإجابة. بعد هذا الإجراء، ستظهر النتيجة في الخلية التالية على نفس السطر. عندما تتم الإجابة على جميع الأسئلة الخمسة، ستظهر درجة الضعف الإجمالية للخطر المحدد في الخلية بجوار خلية ""النتيجة الإجمالية"". ستظهر هذه النتيجة أيضًا على السطر 103 بينما سيظهر مستوى الضعف على السطر 104 أسفل العمود المخصص للخطر المحدد. The assigned score from 1 to 5 would be as follows: ستكون النتيجة المخصصة من 1 إلى 5 على النحو التالي: 1. Very low exposure تعريض منخفض جدا 2 2. Low exposure تعريض منخفض 3 3. Moderate exposure تعرض متوسط 4 4. High exposure تعرض عالي 5 5. Very high exposure تعرض عالي جدا
C9: HAZARD 1 | D9: ='3-Hazard Assessment'!B14 -> Dengue
C10: QUESTIONS | D10: YES / NO | E10: Score
C11: Are the hight risk area likely to be affected by the consequence of the identify health hazard identified? هل من المرجح أن تتأثر المنطقة ذات الخطورة العالية بعواقب تحديد المخاطر الصحية التي تم تحديدها؟ | D11: Yes | E11: =IF(D11="YES",1,0) -> 1
C12: Is a large number of people could contact a disease or get infected due to lack of immunity (i.e. the susceptible population at risk) in case of a biological hazard at the ground crossing? | D12: Yes | E12: =IF(D12="YES",1,0) -> 1
C13: Is the population density in adjacent community area high? | D13: Yes | E13: =IF(D13="YES",1,0) -> 1
C14: Are people living in the high-risk area of ground crossing and adjacent border communities? | D14: Yes | E14: =IF(D14="YES",1,0) -> 1
C15: Are the modalities of interactions between ommunities on either side of a ground crossing with travellers is high? | D15: Yes | E15: =IF(D15="YES",1,0) -> 1
C16: TOTAL SCORE | E16: =SUM(E11:E15) -> 5
C18: HAZARD 2 | D18: ='3-Hazard Assessment'!C14 -> Cholera
C19: QUESTIONS | D19: YES / NO/NA | E19: Score
C20: Are the high-risk areas likely to be affected by the consequences of the identified health hazard? هل من المحتمل أن تتأثر المناطق المعرضة للخطر بعواقب المخاطر الصحية التي تم تحديدها؟ | D20: YES | E20: =IF(D20="YES",1,0) -> 1
C21: Could a large number of people contract a disease or become infected due to lack of immunity (i.e. the susceptible population at risk) in the case of a biological hazard at the ground crossing? هل يمكن أن يصاب عدد كبير من الأشخاص بمرض أو يصابون به بسبب نقص المناعة (أي السكان المعرضين للخطر) في حالة وجود خطر بيولوجي عند عبور الحدود البرية؟ | D21: YES | E21: =IF(D21="YES",1,0) -> 1
C22: Is the population density in adjacent community areas high? هل الكثافة السكانية في المناطق المجتمعية المجاورة عالية؟ | D22: YES | E22: =IF(D22="YES",1,0) -> 1
C23: Are large numbers of people living in the high-risk areas of the ground crossing and adjacent border communities? ل يعيش عدد كبير من الأشخاص في المناطق عالية الخطورة على الأرض ويعبرون المجتمعات الحدودية المجاورة | D23: YES | E23: =IF(D23="YES",1,0) -> 1
C24: Is there a high level of interaction between communities on either side of the ground crossing and travellers? "هل هناك مستوى عالٍ من التفاعل بين المجتمعات على جانبي معبر الحدود البري والمسافرين؟ | D24: YES | E24: =IF(D24="YES",1,0) -> 1
C25: TOTAL SCORE | E25: =SUM(E20:E24) -> 5
C27: HAZARD 3 | D27: ='3-Hazard Assessment'!D14 -> Malaria
C28: QUESTIONS | D28: YES / NO/NA | E28: Score
C29: Are the high-risk areas likely to be affected by the consequences of the identified health hazard? | D29: YES | E29: =IF(D29="YES",1,0) -> 1
C30: Could a large number of people contract a disease or become infected due to lack of immunity (i.e. the susceptible population at risk) in the case of a biological hazard at the ground crossing? | D30: YES | E30: =IF(D30="YES",1,0) -> 1
C31: Is the population density in adjacent community areas high? | D31: Yes | E31: =IF(D31="YES",1,0) -> 1
C32: Are large numbers of people living in the high-risk areas of the ground crossing and adjacent border communities? | D32: Yes | E32: =IF(D32="YES",1,0) -> 1
C33: Is there a high level of interaction between communities on either side of the ground crossing and travellers? | D33: Yes | E33: =IF(D33="YES",1,0) -> 1
C34: TOTAL SCORE | E34: =SUM(E29:E33) -> 5
C37: HAZARD 4 | D37: VHF
C38: QUESTIONS | D38: YES / NO/NA | E38: Score
C39: Are the high-risk areas likely to be affected by the consequences of the identified health hazard? | D39: YES | E39: =IF(D39="YES",1,0) -> 1
C40: Could a large number of people contract a disease or become infected due to lack of immunity (i.e. the susceptible population at risk) in the case of a biological hazard at the ground crossing? | D40: YES | E40: =IF(D40="YES",1,0) -> 1
C41: Is the population density in adjacent community areas high? | D41: YES | E41: =IF(D41="YES",1,0) -> 1
C42: Are large numbers of people living in the high-risk areas of the ground crossing and adjacent border communities? | D42: YES | E42: =IF(D42="YES",1,0) -> 1
C43: Is there a high level of interaction between communities on either side of the ground crossing and travellers? | D43: YES | E43: =IF(D43="YES",1,0) -> 1
C44: TOTAL SCORE | E44: =SUM(E39:E43) -> 5
C46: HAZARD 5 | D46: ='3-Hazard Assessment'!F14 -> Covid-19
C47: QUESTIONS | D47: YES / NO/NA | E47: Score
C48: Are the high-risk areas likely to be affected by the consequences of the identified health hazard? | D48: YES | E48: =IF(D48="YES",1,0) -> 1
C49: Could a large number of people contract a disease or become infected due to lack of immunity (i.e. the susceptible population at risk) in the case of a biological hazard at the ground crossing? | D49: NO | E49: =IF(D49="YES",1,0) -> 0
C50: Is the population density in adjacent community areas high? | D50: YES | E50: =IF(D50="YES",1,0) -> 1
C51: Are large numbers of people living in the high-risk areas of the ground crossing and adjacent border communities? | D51: YES | E51: =IF(D51="YES",1,0) -> 1
C52: Is there a high level of interaction between communities on either side of the ground crossing and travellers? | D52: YES | E52: =IF(D52="YES",1,0) -> 1
C53: TOTAL SCORE | E53: =SUM(E48:E52) -> 4
C55: HAZARD 6 | D55: ='3-Hazard Assessment'!G14 -> Influenza
C56: QUESTIONS | D56: YES / NO/NA | E56: Score
C57: Are the high-risk areas likely to be affected by the consequences of the identified health hazard? | D57: YES | E57: =IF(D57="YES",1,0) -> 1
C58: Could a large number of people contract a disease or become infected due to lack of immunity (i.e. the susceptible population at risk) in the case of a biological hazard at the ground crossing? | D58: YES | E58: =IF(D58="YES",1,0) -> 1
C59: Is the population density in adjacent community areas high? | D59: YES | E59: =IF(D59="YES",1,0) -> 1
C60: Are large numbers of people living in the high-risk areas of the ground crossing and adjacent border communities? | D60: YES | E60: =IF(D60="YES",1,0) -> 1
C61: Is there a high level of interaction between communities on either side of the ground crossing and travellers? | D61: YES | E61: =IF(D61="YES",1,0) -> 1
C62: TOTAL SCORE | E62: =SUM(E57:E61) -> 5
C64: HAZARD 7 | D64: ='3-Hazard Assessment'!H14 -> Mass Casualities
C65: QUESTIONS | D65: YES / NO/NA | E65: Score
C66: Are the high-risk areas likely to be affected by the consequences of the identified health hazard? | D66: NO | E66: =IF(D66="YES",1,0) -> 0
C67: Could a large number of people contract a disease or become infected due to lack of immunity (i.e. the susceptible population at risk) in the case of a biological hazard at the ground crossing? | D67: NO | E67: =IF(D67="YES",1,0) -> 0
C68: Is the population density in adjacent community areas high? | D68: YES | E68: =IF(D68="YES",1,0) -> 1
C69: Are large numbers of people living in the high-risk areas of the ground crossing and adjacent border communities? | D69: NO | E69: =IF(D69="YES",1,0) -> 0
C70: Is there a high level of interaction between communities on either side of the ground crossing and travellers? | D70: YES | E70: =IF(D70="YES",1,0) -> 1
C71: TOTAL SCORE | E71: =SUM(E66:E70) -> 2
C73: HAZARD 8 | D73: ='3-Hazard Assessment'!I14 -> Chemical
C74: QUESTIONS | D74: YES / NO/NA | E74: Score
C75: Are the high-risk areas likely to be affected by the consequences of the identified health hazard? | D75: YES | E75: =IF(D75="YES",1,0) -> 1
C76: Could a large number of people contract a disease or become infected due to lack of immunity (i.e. the susceptible population at risk) in the case of a biological hazard at the ground crossing? | D76: No | E76: =IF(D76="YES",1,0) -> 0
C77: Is the population density in adjacent community areas high? | D77: YES | E77: =IF(D77="YES",1,0) -> 1
C78: Are large numbers of people living in the high-risk areas of the ground crossing and adjacent border communities? | D78: YES | E78: =IF(D78="YES",1,0) -> 1
C79: Is there a high level of interaction between communities on either side of the ground crossing and travellers? | D79: YES | E79: =IF(D79="YES",1,0) -> 1
C80: TOTAL SCORE | E80: =SUM(E75:E79) -> 4
C82: HAZARD 9 | D82: ='3-Hazard Assessment'!J14 -> Radiological
C83: QUESTIONS | D83: YES / NO/NA | E83: Score
C84: Are the high-risk areas likely to be affected by the consequences of the identified health hazard? | D84: YES | E84: =IF(D84="YES",1,0) -> 1
C85: Could a large number of people contract a disease or become infected due to lack of immunity (i.e. the susceptible population at risk) in the case of a biological hazard at the ground crossing? | D85: No | E85: =IF(D85="YES",1,0) -> 0
C86: Is the population density in adjacent community areas high? | D86: YES | E86: =IF(D86="YES",1,0) -> 1
C87: Are large numbers of people living in the high-risk areas of the ground crossing and adjacent border communities? | D87: YES | E87: =IF(D87="YES",1,0) -> 1
C88: Is there a high level of interaction between communities on either side of the ground crossing and travellers? | D88: YES | E88: =IF(D88="YES",1,0) -> 1
C89: TOTAL SCORE | E89: =SUM(E84:E88) -> 4
C91: HAZARD 10 | D91: ='3-Hazard Assessment'!K14 -> Physical
C92: QUESTIONS | D92: YES / NO/NA | E92: Score
C93: Are the high-risk areas likely to be affected by the consequences of the identified health hazard? | D93: YES | E93: =IF(D93="YES",1,0) -> 1
C94: Could a large number of people contract a disease or become infected due to lack of immunity (i.e. the susceptible population at risk) in the case of a biological hazard at the ground crossing? | D94: No | E94: =IF(D94="YES",1,0) -> 0
C95: Is the population density in adjacent community areas high? | D95: YES | E95: =IF(D95="YES",1,0) -> 1
C96: Are large numbers of people living in the high-risk areas of the ground crossing and adjacent border communities? | D96: YES | E96: =IF(D96="YES",1,0) -> 1
C97: Is there a high level of interaction between communities on either side of the ground crossing and travellers? | D97: YES | E97: =IF(D97="YES",1,0) -> 1
C98: TOTAL SCORE | E98: =SUM(E93:E97) -> 4
C100: The assigned score from 1 to 5 would be as follows: 1. Very low exposure 2. Low exposure 3. Moderate exposure 4. High exposure 5. Very high exposure
C101: Idenfied priority hazards | D101: HAZARD 1 | E101: HAZARD 2 | F101: HAZARD 3 | G101: HAZARD 4 | H101: HAZARD 5 | I101: HAZARD 6 | J101: HAZARD 7 | K101: HAZARD 8 | L101: HAZARD 9 | M101: HAZARD 10
C102: Hazard name | D102: ='3-Hazard Assessment'!B14 -> Dengue | E102: ='3-Hazard Assessment'!C14 -> Cholera | F102: ='3-Hazard Assessment'!D14 -> Malaria | G102: ='3-Hazard Assessment'!E14 -> VHF | H102: ='3-Hazard Assessment'!F14 -> Covid-19 | I102: ='3-Hazard Assessment'!G14 -> Influenza | J102: ='3-Hazard Assessment'!H14 -> Mass Casualities | K102: ='3-Hazard Assessment'!I14 -> Chemical | ... M102: ='3-Hazard Assessment'!K14 -> Physical
C103: Score | D103: =E16 -> 5 | E103: =E25 -> 5 | F103: =E34 -> 5 | G103: =E44 -> 5 | H103: =E53 -> 4 | I103: =E62 -> 5 | J103: =E71 -> 2 | K103: =E80 -> 4 | L103: =E89 -> 4 | M103: =E98 -> 4
C104: Vulnerability Level | D104: =IF(D103=1,"Very Low Exposed",IF(D103=2,"Low Exposed",IF(D103=3,"Moderate Exposed",IF(D103=4,"High Exposed",IF(D103=5,"Very High Exposed"))))) -> Very High Exposed | E104: =IF(E103=1,"Very Low Exposed",IF(E103=2,"Low Exposed",IF(E103=3,"Moderate Exposed",IF(E103=4,"High Exposed",IF(E103=5,"Very High Exposed"))))) -> Very High Exposed | F104: =IF(F103=1,"Very Low Exposed",IF(F103=2,"Low Exposed",IF(F103=3,"Moderate Exposed",IF(F103=4,"High Exposed",IF(F103=5,"Very High Exposed"))))) -> Very High Exposed | G104: =IF(G103=1,"Very Low Exposed",IF(G103=2,"Low Exposed",IF(G103=3,"Moderate Exposed",IF(G103=4,"High Exposed",IF(G103=5,"Very High Exposed"))))) -> Very High Exposed | H104: =IF(H103=1,"Very Low Exposed",IF(H103=2,"Low Exposed",IF(H103=3,"Moderate Exposed",IF(H103=4,"High Exposed",IF(H103=5,"Very High Exposed"))))) -> High Exposed | I104: =IF(I103=1,"Very Low Exposed",IF(I103=2,"Low Exposed",IF(I103=3,"Moderate Exposed",IF(I103=4,"High Exposed",IF(I103=5,"Very High Exposed"))))) -> Very High Exposed | J104: =IF(J103=1,"Very Low Exposed",IF(J103=2,"Low Exposed",IF(J103=3,"Moderate Exposed",IF(J103=4,"High Exposed",IF(J103=5,"Very High Exposed"))))) -> Low Exposed | K104: =IF(K103=1,"Very Low Exposed",IF(K103=2,"Low Exposed",IF(K103=3,"Moderate Exposed",IF(K103=4,"High Exposed",IF(K103=5,"Very High Exposed"))))) -> High Exposed | ... M104: =IF(M103=1,"Very Low Exposed",IF(M103=2,"Low Exposed",IF(M103=3,"Moderate Exposed",IF(M103=4,"High Exposed",IF(M103=5,"Very High Exposed"))))) -> High Exposed

Sheet 5- Severity Assessment 
B4: Exposure: For each possible hazard (biological, chemical, physical or radiological), evaluate the potential exposures of individuals and populations to the hazards identified in the hazard assessment. In consultation with local experts, stakeholders and local sources of information the strategic risk assessment team should use a series of guiding factors and any other locally relevant information about the hazard to assign an exposure score of 1 to 5 to the hazard. The score will be subjective and will be based on the best available, accurate and recent information on the following factors in order to support the severity assessment: لتعرض: بالنسبة لكل خطر محتمل (بيولوجي أو كيميائي أو فيزيائي أو إشعاعي)، قم بتقييم التعرضات المحتملة للأفراد والسكان للمخاطر المحددة في تقييم المخاطر. بالتشاور مع الخبراء المحليين وأصحاب المصلحة والمصادر المحلية للمعلومات، يجب على فريق تقييم المخاطر الاستراتيجية استخدام سلسلة من العوامل التوجيهية وأي معلومات أخرى ذات صلة محلية حول الخطر لتعيين درجة تعرض من 1 إلى 5 للخطر. ستكون الدرجة ذاتية وستستند إلى أفضل المعلومات المتوفرة والدقيقة والحديثة حول العوامل التالية من أجل دعم تقييم الخطورة: • seriousness of consequences (morbidity and mortality); • خطورة العواقب (المرض والوفيات)؛ • immune status factors of the exposed population; عوامل الحالة المناعية للسكان المعرضين؛ • vector-borne diseases and related factors (e.g. distribution, density, infectivity, seasonal variations) and/or animal hosts (density, prevalence, existing control programmes) along/across borders and travel routes that have an impact on the borders. الأمراض المنقولة بالنواقل والعوامل ذات الصلة (على سبيل المثال التوزيع والكثافة والقدرة على العدوى والاختلافات الموسمية) و/أو العوائل الحيوانية (الكثافة والانتشار وبرامج المكافحة الحالية) على طول/عبر الحدود وطرق السفر التي لها تأثير على الحدود. The exposure score will be used to determine the level of impact of the hazard. ستستخدم درجة التعرض لتحديد مستوى تأثير الخطر. The assessment team should use the information collected to answer, for each possible hazard, the three questions that are below. The first question should be answered by either YES or NO. YES scores 1 and NO scores 0. The second and third questions should be answered with “High”, “Medium” or “Low. “High” scores 2, “Medium” scores 1 and “Low” scores 0. يجب على فريق التقييم استخدام المعلومات التي تم جمعها للإجابة عن الأسئلة الثلاثة أدناه لكل خطر محتمل. يجب الإجابة على السؤال الأول إما بنعم أو لا. تحصل الإجابة بنعم على 1 وإجابة لا على 0. يجب الإجابة على السؤالين الثاني والثالث بـ "عالي" أو "متوسط" أو "منخفض". تحصل الإجابة بـ "عالي" على 2 وإجابة "متوسط" على 1 وإجابة "منخفض" على 0. Click on the drop-down tab in the cell in front of the question to choose the answer. Following this action, the score will appear in the next cell on the same line. When all three questions have been answered, the total severity score for the identified hazard will appear in the cell next to the "TOTAL SCORE" cell. This score will also appear on line 81 and the severity level will appear on line 82 under the column assigned to the identified hazard. انقر فوق علامة التبويب المنسدلة في الخلية أمام السؤال لاختيار الإجابة. بعد هذا الإجراء، ستظهر النتيجة في الخلية التالية على نفس السطر. عند الإجابة على الأسئلة الثلاثة، ستظهر الدرجة الإجمالية لشدة الخطر المحدد في الخلية بجوار خلية "الدرجة الإجمالية". ستظهر هذه الدرجة أيضًا على السطر 81 وسيظهر مستوى الشدة على السطر 82 أسفل العمود المخصص للخطر المحدد. On the basis of the severity value, the following scales can be used to rate assessed severity of the hazard: على أساس قيمة الخطورة، يمكن استخدام المقاييس التالية لتقييم الخطورة المقدرة للخطر: 1. Very low severity شدة منخفضة جدا 2. Low severity شدة منخفضة 3. Moderate severity شدة متوسطة 4. High severity شدة عالية 5. Very high severity شدة عالية جدا
B6: HAZARD 1 | C6: ='3-Hazard Assessment'!B14 -> Dengue
B7: QUESTIONS | C7: Yes / No (for the first question) High, Medium or Low (for the second and third questions) | D7: Score | J7: How is the immunity status among the exposed or infected population and travellers to the hazard ?
B8: Is the infectivity or contamination that is characteristic of the hazard at the ground crossing high? هل معدل العدوى أو التلوث الذي يميز الخطر عند معبر الأرض مرتفع؟ | C8: YES | D8: =IF(C8="YES",1,0) -> 1
B9: How frequent are the medium- and long-term consequences of exposure to the hazard or infection among the exposed or infected population and travellers? ما مدى تكرار العواقب متوسطة وطويلة الأمد الناجمة عن التعرض للخطر أو العدوى بين السكان المعرضين أو المصابين والمسافرين؟ | C9: Medium | D9: =IF(C9='Support sheet '!$E$25,2,IF(C9='Support sheet '!$E$26,1,IF(C9='Support sheet '!$E$27,0))) -> 1
B10: What is the extent of mortality among the exposed or infected population and travellers? ما هو حجم الوفيات بين السكان المعرضين أو المصابين والمسافرين؟ | C10: Medium | D10: =IF(C10='Support sheet '!$E$25,2,IF(C10='Support sheet '!$E$26,1,IF(C10='Support sheet '!$E$27,0))) -> 1
B11: TOTAL SCORE | D11: =SUM(D8:D10) -> 3
B13: HAZARD 2 | C13: ='3-Hazard Assessment'!C14 -> Cholera
B14: QUESTIONS | C14: Yes / No (for the first question) High, Medium or Low (for the second and third questions) | D14: Score
B15: Is the infectivity or contamination that is characteristic of the hazard at the ground crossing high? | C15: YES | D15: =IF(C15="YES",1,0) -> 1
B16: How frequent are the medium- and long-term consequences of exposure to the hazard or infection among the exposed or infected population and travellers? | C16: High | D16: =IF(C16='Support sheet '!$E$25,2,IF(C16='Support sheet '!$E$26,1,IF(C16='Support sheet '!$E$27,0))) -> 2
B17: What is the extent of mortality among the exposed or infected population and travellers? | C17: High | D17: =IF(C17='Support sheet '!$E$25,2,IF(C17='Support sheet '!$E$26,1,IF(C17='Support sheet '!$E$27,0))) -> 2
B18: TOTAL SCORE | D18: =SUM(D15:D17) -> 5
B20: HAZARD 3 | C20: ='3-Hazard Assessment'!D14 -> Malaria
B21: QUESTIONS | C21: Yes / No (for the first question) High, Medium or Low (for the second and third questions) | D21: Score
B22: Is the infectivity or contamination that is characteristic of the hazard at the ground crossing high? | C22: NO | D22: =IF(C22="YES",1,0) -> 0
B23: How frequent are the medium- and long-term consequences of exposure to the hazard or infection among the exposed or infected population and travellers? | C23: Medium | D23: =IF(C23='Support sheet '!$E$25,2,IF(C23='Support sheet '!$E$26,1,IF(C23='Support sheet '!$E$27,0))) -> 1
B24: What is the extent of mortality among the exposed or infected population and travellers? | C24: Medium | D24: =IF(C24='Support sheet '!$E$25,2,IF(C24='Support sheet '!$E$26,1,IF(C24='Support sheet '!$E$27,0))) -> 1
B25: TOTAL SCORE | D25: =SUM(D22:D24) -> 2
B27: HAZARD 4 | C27: ='3-Hazard Assessment'!E14 -> VHF
B28: QUESTIONS | C28: Yes / No (for the first question) High, Medium or Low (for the second and third questions) | D28: Score
B29: Is the infectivity or contamination that is characteristic of the hazard at the ground crossing high? | C29: YES | D29: =IF(C29="YES",1,0) -> 1
B30: How frequent are the medium- and long-term consequences of exposure to the hazard or infection among the exposed or infected population and travellers? | C30: Medium | D30: =IF(C30='Support sheet '!$E$25,2,IF(C30='Support sheet '!$E$26,1,IF(C30='Support sheet '!$E$27,0))) -> 1
B31: What is the extent of mortality among the exposed or infected population and travellers? | C31: Medium | D31: =IF(C31='Support sheet '!$E$25,2,IF(C31='Support sheet '!$E$26,1,IF(C31='Support sheet '!$E$27,0))) -> 1
B32: TOTAL SCORE | D32: =SUM(D29:D31) -> 3
B34: HAZARD 5 | C34: ='3-Hazard Assessment'!F14 -> Covid-19
B35: QUESTIONS | C35: Yes / No (for the first question) High, Medium or Low (for the second and third questions) | D35: Score
B36: Is the infectivity or contamination that is characteristic of the hazard at the ground crossing high? | C36: YES | D36: =IF(C36="YES",1,0) -> 1
B37: How frequent are the medium- and long-term consequences of exposure to the hazard or infection among the exposed or infected population and travellers? | C37: Medium | D37: =IF(C37='Support sheet '!$E$25,2,IF(C37='Support sheet '!$E$26,1,IF(C37='Support sheet '!$E$27,0))) -> 1
B38: What is the extent of mortality among the exposed or infected population and travellers? | C38: Low | D38: =IF(C38='Support sheet '!$E$25,2,IF(C38='Support sheet '!$E$26,1,IF(C38='Support sheet '!$E$27,0))) -> 0
B39: TOTAL SCORE | D39: =SUM(D36:D38) -> 2
B41: HAZARD 6 | C41: ='3-Hazard Assessment'!G14 -> Influenza
B42: QUESTIONS | C42: Yes / No (for the first question) High, Medium or Low (for the second and third questions) | D42: Score
B43: Is the infectivity or contamination that is characteristic of the hazard at the ground crossing high? | C43: YES | D43: =IF(C43="YES",1,0) -> 1
B44: How frequent are the medium- and long-term consequences of exposure to the hazard or infection among the exposed or infected population and travellers? | C44: Low | D44: =IF(C44='Support sheet '!$E$25,2,IF(C44='Support sheet '!$E$26,1,IF(C44='Support sheet '!$E$27,0))) -> 0
B45: What is the extent of mortality among the exposed or infected population and travellers? | C45: Low | D45: =IF(C45='Support sheet '!$E$25,2,IF(C45='Support sheet '!$E$26,1,IF(C45='Support sheet '!$E$27,0))) -> 0
B46: TOTAL SCORE | D46: =SUM(D43:D45) -> 1
B48: HAZARD 7 | C48: ='3-Hazard Assessment'!H14 -> Mass Casualities
B49: QUESTIONS | C49: Yes / No (for the first question) High, Medium or Low (for the second and third questions) | D49: Score
B50: Is the infectivity or contamination that is characteristic of the hazard at the ground crossing high? | C50: NO | D50: =IF(C50="YES",1,0) -> 0
B51: How frequent are the medium- and long-term consequences of exposure to the hazard or infection among the exposed or infected population and travellers? | C51: Medium | D51: =IF(C51='Support sheet '!$E$25,2,IF(C51='Support sheet '!$E$26,1,IF(C51='Support sheet '!$E$27,0))) -> 1
B52: What is the extent of mortality among the exposed or infected population and travellers? | C52: High | D52: =IF(C52='Support sheet '!$E$25,2,IF(C52='Support sheet '!$E$26,1,IF(C52='Support sheet '!$E$27,0))) -> 2
B53: TOTAL SCORE | D53: =SUM(D50:D52) -> 3
B55: HAZARD 8 | C55: ='3-Hazard Assessment'!I14 -> Chemical
B56: QUESTIONS | C56: Yes / No (for the first question) High, Medium or Low (for the second and third questions) | D56: Score
B57: Is the infectivity or contamination that is characteristic of the hazard at the ground crossing high? | C57: YES | D57: =IF(C57="YES",1,0) -> 1
B58: How frequent are the medium- and long-term consequences of exposure to the hazard or infection among the exposed or infected population and travellers? | C58: Low | D58: =IF(C58='Support sheet '!$E$25,2,IF(C58='Support sheet '!$E$26,1,IF(C58='Support sheet '!$E$27,0))) -> 0
B59: What is the extent of mortality among the exposed or infected population and travellers? | C59: Medium | D59: =IF(C59='Support sheet '!$E$25,2,IF(C59='Support sheet '!$E$26,1,IF(C59='Support sheet '!$E$27,0))) -> 1
B60: TOTAL SCORE | D60: =SUM(D57:D59) -> 2
B62: HAZARD 9 | C62: ='3-Hazard Assessment'!J14 -> Radiological
B63: QUESTIONS | C63: Yes / No (for the first question) High, Medium or Low (for the second and third questions) | D63: Score
B64: Is the infectivity or contamination that is characteristic of the hazard at the ground crossing high? | C64: YES | D64: =IF(C64="YES",1,0) -> 1
B65: How frequent are the medium- and long-term consequences of exposure to the hazard or infection among the exposed or infected population and travellers? | C65: Low | D65: =IF(C65='Support sheet '!$E$25,2,IF(C65='Support sheet '!$E$26,1,IF(C65='Support sheet '!$E$27,0))) -> 0
B66: What is the extent of mortality among the exposed or infected population and travellers? | C66: High | D66: =IF(C66='Support sheet '!$E$25,2,IF(C66='Support sheet '!$E$26,1,IF(C66='Support sheet '!$E$27,0))) -> 2
B67: TOTAL SCORE | D67: =SUM(D64:D67) -> 3
B70: HAZARD 10 | C70: ='3-Hazard Assessment'!K14 -> Physical
B71: QUESTIONS | C71: Yes / No (for the first question) High, Medium or Low (for the second and third questions) | D71: Score
B72: Is the infectivity or contamination that is characteristic of the hazard at the ground crossing high? | C72: NO | D72: =IF(C72="YES",1,0) -> 0
B73: How frequent are the medium- and long-term consequences of exposure to the hazard or infection among the exposed or infected population and travellers? | C73: High | D73: =IF(C73='Support sheet '!$E$25,2,IF(C73='Support sheet '!$E$26,1,IF(C73='Support sheet '!$E$27,0))) -> 2
B74: What is the extent of mortality among the exposed or infected population and travellers? | C74: High | D74: =IF(C74='Support sheet '!$E$25,2,IF(C74='Support sheet '!$E$26,1,IF(C74='Support sheet '!$E$27,0))) -> 2
B75: TOTAL SCORE | D75: =SUM(D72:D74) -> 4
B78: The assigned score from 1 to 5 would be as follows: 1. Very low severity 2. Low severity 3. Moderate severity 4. High severity 5. Very high severity
B79: Identified priority hazards | C79: HAZARD 1 | D79: HAZARD 2 | E79: HAZARD 3 | F79: HAZARD 4 | G79: HAZARD 5 | H79: HAZARD 6 | I79: HAZARD 7 | J79: HAZARD 8 | K79: HAZARD 9 | L79: HAZARD 10
B80: Hazard name | C80: ='3-Hazard Assessment'!B14 -> Dengue | D80: ='3-Hazard Assessment'!C14 -> Cholera | E80: ='3-Hazard Assessment'!D14 -> Malaria | F80: ='3-Hazard Assessment'!E14 -> VHF | G80: ='3-Hazard Assessment'!F14 -> Covid-19 | H80: ='3-Hazard Assessment'!G14 -> Influenza | I80: ='3-Hazard Assessment'!H14 -> Mass Casualities | J80: ='3-Hazard Assessment'!I14 -> Chemical | ... L80: ='3-Hazard Assessment'!K14 -> Physical
B81: Score | C81: =D11 -> 3 | D81: =D18 -> 5 | E81: =D25 -> 2 | F81: =D32 -> 3 | G81: =D39 -> 2 | H81: =D46 -> 1 | I81: =D53 -> 3 | J81: =D60 -> 2 | K81: =D67 -> 3 | L81: =D75 -> 4
B82: Severity Level | C82: =IF(C81=1,'Support sheet '!$B$25,IF(C81=2,'Support sheet '!$B$26,IF(C81=3,'Support sheet '!$B$27,IF(C81=4,'Support sheet '!$B$28,IF(C81=5,'Support sheet '!$B$29))))) -> Moderate severity | D82: =IF(D81=1,'Support sheet '!$B$25,IF(D81=2,'Support sheet '!$B$26,IF(D81=3,'Support sheet '!$B$27,IF(D81=4,'Support sheet '!$B$28,IF(D81=5,'Support sheet '!$B$29))))) -> Very high severity | E82: =IF(E81=1,'Support sheet '!$B$25,IF(E81=2,'Support sheet '!$B$26,IF(E81=3,'Support sheet '!$B$27,IF(E81=4,'Support sheet '!$B$28,IF(E81=5,'Support sheet '!$B$29))))) -> Low severity | F82: =IF(F81=1,'Support sheet '!$B$25,IF(F81=2,'Support sheet '!$B$26,IF(F81=3,'Support sheet '!$B$27,IF(F81=4,'Support sheet '!$B$28,IF(F81=5,'Support sheet '!$B$29))))) -> Moderate severity | G82: =IF(G81=1,'Support sheet '!$B$25,IF(G81=2,'Support sheet '!$B$26,IF(G81=3,'Support sheet '!$B$27,IF(G81=4,'Support sheet '!$B$28,IF(G81=5,'Support sheet '!$B$29))))) -> Low severity | H82: =IF(H81=1,'Support sheet '!$B$25,IF(H81=2,'Support sheet '!$B$26,IF(H81=3,'Support sheet '!$B$27,IF(H81=4,'Support sheet '!$B$28,IF(H81=5,'Support sheet '!$B$29))))) -> Very low severity | I82: =IF(I81=1,'Support sheet '!$B$25,IF(I81=2,'Support sheet '!$B$26,IF(I81=3,'Support sheet '!$B$27,IF(I81=4,'Support sheet '!$B$28,IF(I81=5,'Support sheet '!$B$29))))) -> Moderate severity | J82: =IF(J81=1,'Support sheet '!$B$25,IF(J81=2,'Support sheet '!$B$26,IF(J81=3,'Support sheet '!$B$27,IF(J81=4,'Support sheet '!$B$28,IF(J81=5,'Support sheet '!$B$29))))) -> Low severity | ... L82: =IF(L81=1,'Support sheet '!$B$25,IF(L81=2,'Support sheet '!$B$26,IF(L81=3,'Support sheet '!$B$27,IF(L81=4,'Support sheet '!$B$28,IF(L81=5,'Support sheet '!$B$29))))) -> High severity
B86: QUESTIONS

Sheet  6-Capacity Assessment
C3: Coping capacities refer to the capabilities of the ground crossing and border region to cope with and manage potential hazards. The guiding questions in the table below are provided to assist in evaluating existing coping capacities that should be used to manage potential hazards. The 78 questions are to be answered as “Yes/Completed”, “Maybe/In Progress” or “No” in the table below. An answer of “Yes/Completed” scores 2, “Maybe/In Progress” scores 1, and “No” scores 0. تشير قدرات التأقلم إلى قدرات منطقة عبور الحدود البرية على التأقلم مع المخاطر المحتملة وإدارتها. تم توفير الأسئلة التوجيهية في الجدول أدناه للمساعدة في تقييم قدرات التأقلم الحالية التي يجب استخدامها لإدارة المخاطر المحتملة. يجب الإجابة على الأسئلة الـ 78 بـ "نعم / مكتمل" أو "ربما / قيد التنفيذ" أو "لا" في الجدول أدناه. إجابة "نعم / مكتمل" درجتان، و"ربما / قيد التنفيذ" درجة واحدة، و"لا" درجة 0 In answering these 61 questions, the highest possible score is 156 and the lowest is 0. To reduce this score to a scale of 5 (i.e. very high, high, partial, low, very low), 156 was divided by 5, giving 31 (rounded). A step value of 31 was established between 0 and 156, giving the intervals (0–31, 32–62, 63–93,94–124, 125–156). These are aligned to the value of 1–5 and assigned to the levels of coping capacity commensurate with the hazards. Thus 1 equates to very high (i.e. the necessary capacities commensurate to the hazards are in place) and 5 equates to very low (no capacities commensurate to the hazards are in place): عند الإجابة على هذه الأسئلة الـ 61، فإن أعلى درجة ممكنة هي 156 وأقلها هي 0. لتقليل هذه الدرجة إلى مقياس من 5 (أي مرتفع جدًا، مرتفع، جزئي، منخفض، منخفض جدًا)، تم تقسيم 156 على 5، مما يعطي 31 (تقريبًا). تم تحديد قيمة خطوة 31 بين 0 و156، مع إعطاء الفواصل الزمنية (0-31، 32-62، 63-93، 94-124، 125-156). تتماشى هذه القيم مع القيمة 1-5 وتُخصص لمستويات القدرة على التكيف المتناسبة مع المخاطر. وبالتالي فإن 1 تعادل عالية جدًا (أي أن القدرات اللازمة المتناسبة مع المخاطر موجودة) و5 تعادل منخفضة جدًا (لا توجد قدرات متناسبة مع المخاطر موجودة): 1. Very high: 125–156 عالي جدا 2. High: 94–124 عالي 3. Partial: 63–93 جزئ 4. Low: 32–62 منخفض 5. Very low: 0–31 منخفض جدا Click on the drop-down tab in the cell in front of the question to choose the answer. Following this action, the score will appear in the next cell on the same line. Once the 78 questions have been answered, the total capacity score will appear in the cell next to the "TOTAL SCORE" cell. This score will be reduced to the five scales; the final capacity score and level will appear respectively in cells E96 and E97. انقر فوق علامة التبويب المنسدلة في الخلية أمام السؤال لاختيار الإجابة. بعد هذا الإجراء، ستظهر النتيجة في الخلية التالية على نفس السطر. بمجرد الإجابة على الأسئلة الـ 78، ستظهر درجة القدرة الإجمالية في الخلية المجاورة لخلية "الدرجة الإجمالية". سيتم تقليص هذه الدرجة إلى المقاييس الخمسة؛ ستظهر درجة القدرة النهائية والمستوى على التوالي في الخليتين E96 وE97.
C6: Questions | D6: Yes/Completed Maybe/In Progress No | E6: Score | F6: Comments
B7: Communication التواصل | C7: Have any staff in the ground crossing been identified as focal points for communication with stakeholders هل تم تحديد أي موظفين في المعبر الأرضي كنقطة محورية للتواصل مع أصحاب المصلحة؟ | D7: Yes / Completed | E7: =IF(D7='Support sheet '!$B$35,2,IF(D7='Support sheet '!$B$36,1,IF(D7='Support sheet '!$B$37,0))) -> 2
C8: within the ground crossing (e.g. service providers, stakeholders, and medical facilities that provide public health services to the ground crossing)? داخل المعبر البري (على سبيل المثال مقدمي الخدمات وأصحاب المصلحة والمرافق الطبية التي تقدم خدمات الصحة العامة للمعبر البري)؟ | D8: Maybe / In progress | E8: =IF(D8='Support sheet '!$B$35,2,IF(D8='Support sheet '!$B$36,1,IF(D8='Support sheet '!$B$37,0))) -> 1
C9: Has public health information been provided by the ground crossing to travellers? هل تم توفير معلومات الصحة العامة للمسافرين من خلال المعبر البري؟ | D9: Maybe / In progress | E9: =IF(D9='Support sheet '!$B$35,2,IF(D9='Support sheet '!$B$36,1,IF(D9='Support sheet '!$B$37,0))) -> 1
C10: Has public health information been provided by point of entry to local communities adjacent to the ground crossing? هل تم توفير معلومات الصحة العامة عند نقطة الدخول إلى المجتمعات المحلية المجاورة للمعبر البري؟ | D10: No | E10: =IF(D10='Support sheet '!$B$35,2,IF(D10='Support sheet '!$B$36,1,IF(D10='Support sheet '!$B$37,0))) -> 0
C11: Has public health information been provided to the surveillance system by impacted local communities adjacent to the ground crossing ? هل تم توفير معلومات الصحة العامة لنظام المراقبة من قبل المجتمعات المحلية المتأثرة المجاورة لمعبر الأرض؟ | D11: No | E11: =IF(D11='Support sheet '!$B$35,2,IF(D11='Support sheet '!$B$36,1,IF(D11='Support sheet '!$B$37,0))) -> 0
C12: Has a communication mechanism been established to communicate health-related information from the ground crossing to neighbouring countries or regional disease surveillance networks? هل تم إنشاء آلية اتصال لتوصيل المعلومات المتعلقة بالصحة من المعابر البرية إلى الدول المجاورة أو شبكات مراقبة الأمراض الإقليمية؟ | D12: No | E12: =IF(D12='Support sheet '!$B$35,2,IF(D12='Support sheet '!$B$36,1,IF(D12='Support sheet '!$B$37,0))) -> 0
C13: Have communication mechanisms been established to communicate to all levels of government, policy-makers and stakeholders? هل تم إنشاء آليات التواصل للتواصل مع كافة مستويات الحكومة وصناع السياسات وأصحاب المصلحة؟ | D13: No | E13: =IF(D13='Support sheet '!$B$35,2,IF(D13='Support sheet '!$B$36,1,IF(D13='Support sheet '!$B$37,0))) -> 0
C14: Has an up-to-date emergency contact list of stakeholders been established for public health events management? هل تم إنشاء قائمة اتصال طارئة محدثة لأصحاب المصلحة لإدارة الأحداث الصحية العامة؟ | D14: No | E14: =IF(D14='Support sheet '!$B$35,2,IF(D14='Support sheet '!$B$36,1,IF(D14='Support sheet '!$B$37,0))) -> 0
B15: Surveillance التقصي | C15: Are standard case definitions for public health events under surveillance (e.g. diseases, symptoms) used at the ground crossing? هل يتم استخدام تعريفات الحالات القياسية للأحداث الصحية العامة الخاضعة للمراقبة (مثل الأمراض والأعراض) عند معبر الحدود البري؟ | D15: Yes / Completed | E15: =IF(D15='Support sheet '!$B$35,2,IF(D15='Support sheet '!$B$36,1,IF(D15='Support sheet '!$B$37,0))) -> 2
C16: the ground crossing? | D16: No | E16: =IF(D16='Support sheet '!$B$35,2,IF(D16='Support sheet '!$B$36,1,IF(D16='Support sheet '!$B$37,0))) -> 0
C17: Are standard operating procedures in place to identify suspect cases at the ground crossing? هل توجد إجراءات تشغيلية قياسية لتحديد الحالات المشتبه بها عند المعبر البري؟ | D17: No | E17: =IF(D17='Support sheet '!$B$35,2,IF(D17='Support sheet '!$B$36,1,IF(D17='Support sheet '!$B$37,0))) -> 0
C18: Are standard operating procedures in place to identify suspect cases within neighbouring communities? هل توجد إجراءات تشغيلية قياسية لتحديد الحالات المشتبه بها داخل المجتمعات المجاورة؟ | D18: No | E18: =IF(D18='Support sheet '!$B$35,2,IF(D18='Support sheet '!$B$36,1,IF(D18='Support sheet '!$B$37,0))) -> 0
C19: Does the surveillance system receive public health information from ground crossings, including the presence of ill or deceased travellers? هل يستقبل نظام المراقبة معلومات الصحة العامة من المعابر البرية، بما في ذلك وجود مسافرين مرضى أو متوفين؟ | D19: Yes / Completed | E19: =IF(D19='Support sheet '!$B$35,2,IF(D19='Support sheet '!$B$36,1,IF(D19='Support sheet '!$B$37,0))) -> 2
C20: Does the surveillance system receive environmental health information from ground crossings in relation to infection and contamination of food/water? هل يستقبل نظام المراقبة معلومات الصحة البيئية من المعابر البرية فيما يتعلق بالعدوى وتلوث الغذاء/المياه؟ | D20: No | E20: =IF(D20='Support sheet '!$B$35,2,IF(D20='Support sheet '!$B$36,1,IF(D20='Support sheet '!$B$37,0))) -> 0
C21: Does the surveillance system receive information in relation to vectors and reservoirs associated with vector-borne diseases? هل يتلقى نظام المراقبة معلومات تتعلق بالناقلات والخزانات المرتبطة بالأمراض التي ينقلها النواقل؟ | D21: No | E21: =IF(D21='Support sheet '!$B$35,2,IF(D21='Support sheet '!$B$36,1,IF(D21='Support sheet '!$B$37,0))) -> 0
C22: Does the surveillance system receive information in relation to chemical or radiological hazards? هل يتلقى نظام المراقبة معلومات تتعلق بالناقلات والخزانات المرتبطة بالأمراض التي ينقلها النواقل؟ | D22: Yes / Completed | E22: =IF(D22='Support sheet '!$B$35,2,IF(D22='Support sheet '!$B$36,1,IF(D22='Support sheet '!$B$37,0))) -> 2
C23: Have the reporting sites been established at the ground crossing? If so: هل تم إنشاء مواقع الإبلاغ عند المعبر البري؟ إذا كان الأمر كذلك: | D23: Yes / Completed | E23: =IF(D23='Support sheet '!$B$35,2,IF(D23='Support sheet '!$B$36,1,IF(D23='Support sheet '!$B$37,0))) -> 2
C24: Have the reporting mechanisms from the ground crossing to the national level been identified? هل تم تحديد آليات الإبلاغ من المعبر البري إلى المستوى الوطني؟ | D24: Yes / Completed | E24: =IF(D24='Support sheet '!$B$35,2,IF(D24='Support sheet '!$B$36,1,IF(D24='Support sheet '!$B$37,0))) -> 2
C25: Have the reporting mechanisms from the border community to the national level been identified? هل تم تحديد آليات الإبلاغ من مجتمع الحدود إلى المستوى الوطني؟ | D25: Yes / Completed | E25: =IF(D25='Support sheet '!$B$35,2,IF(D25='Support sheet '!$B$36,1,IF(D25='Support sheet '!$B$37,0))) -> 2
C26: Is information standardized when a public health event is reported by the ground crossing to the national surveillance system (i.e. is there a predefined list and standardized format for the variables to be reported)? هل يتم توحيد المعلومات عند الإبلاغ عن حدث صحي عام من قبل المعبر البري إلى نظام المراقبة الوطني (أي هل توجد قائمة محددة مسبقًا وتنسيق موحد للمتغيرات التي يجب الإبلاغ عنها)؟ | D26: No | E26: =IF(D26='Support sheet '!$B$35,2,IF(D26='Support sheet '!$B$36,1,IF(D26='Support sheet '!$B$37,0))) -> 0
C27: Have the staff of the ground crossing been trained in how to identify a potentially ill traveller? هل تم تدريب موظفي المعبر البري على كيفية تحديد المسافر المريض المحتمل؟ | D27: Yes / Completed | E27: =IF(D27='Support sheet '!$B$35,2,IF(D27='Support sheet '!$B$36,1,IF(D27='Support sheet '!$B$37,0))) -> 2
C28: Has a system been established between the national surveillance system and the ground crossing for management of case-related data (including contact-tracing)? هل يتم توحيد المعلومات عند الإبلاغ عن حدث صحي عام من قبل المعبر البري إلى نظام المراقبة الوطني (أي هل توجد قائمة محددة مسبقًا وتنسيق موحد للمتغيرات التي يجب الإبلاغ عنها)؟ | D28: No | E28: =IF(D28='Support sheet '!$B$35,2,IF(D28='Support sheet '!$B$36,1,IF(D28='Support sheet '!$B$37,0))) -> 0
B29: Cross- Border movement mapping "رسم خريطة الحركة عبر الحدود " | C29: Structured border with administrative controls Have travel routes (e.g. origin, destination and transit pathways) and the potential for international traffic dispersal through links to major roadways, railways, airports and ports of entry been assessed? "حدود منظمة مع ضوابط إدارية هل تم تقييم طرق السفر (على سبيل المثال، المنشأ والوجهة ومسارات العبور) وإمكانية تشتت حركة المرور الدولية من خلال الروابط مع الطرق الرئيسية والسكك الحديدية والمطارات وموانئ الدخول؟ | D29: No | E29: =IF(D29='Support sheet '!$B$35,2,IF(D29='Support sheet '!$B$36,1,IF(D29='Support sheet '!$B$37,0))) -> 0
C30: An open/porous border Have the critical access points from one country to another along the border been identified in order to understand the movement dynamics of travellers, goods and cargo? حدود مفتوحة/مسامية هل تم تحديد نقاط الوصول الحرجة من بلد إلى آخر على طول الحدود من أجل فهم ديناميكيات حركة المسافرين والسلع والبضائع؟ | D30: No | E30: =IF(D30='Support sheet '!$B$35,2,IF(D30='Support sheet '!$B$36,1,IF(D30='Support sheet '!$B$37,0))) -> 0
C31: An open/porous border Have the critical points of congregation where cross-border travellers may interact with other travellers and/or adjacent border communities been identified? "حدود مفتوحة/مسامية هل تم تحديد نقاط التجمع الحرجة حيث قد يتفاعل المسافرون عبر الحدود مع مسافرين آخرين و/أو مجتمعات حدودية مجاورة؟ | D31: No | E31: =IF(D31='Support sheet '!$B$35,2,IF(D31='Support sheet '!$B$36,1,IF(D31='Support sheet '!$B$37,0))) -> 0
C32: An open/porous border • Are the points of access and of congregation prioritized on the basis of estimates of traveller volume? "حدود مفتوحة/مسامية • هل يتم تحديد نقاط الوصول ونقاط التجمع على أساس تقديرات حجم المسافرين؟ | D32: No | E32: =IF(D32='Support sheet '!$B$35,2,IF(D32='Support sheet '!$B$36,1,IF(D32='Support sheet '!$B$37,0))) -> 0
B33: Assessment and care of travellers تقييم ورعاية المسافرين | C33: Has adequate space been identified to conduct private interviews with ill travellers at the ground crossing? "هل تم تحديد مساحة كافية لإجراء مقابلات خاصة مع المسافرين المرضى عند معبر الحدود البري؟ | D33: Yes / Completed | E33: =IF(D33='Support sheet '!$B$35,2,IF(D33='Support sheet '!$B$36,1,IF(D33='Support sheet '!$B$37,0))) -> 2
C34: Have isolation and quarantine facilities been identified? هل تم تحديد مرافق العزل والحجر الصحي؟ | D34: No | E34: =IF(D34='Support sheet '!$B$35,2,IF(D34='Support sheet '!$B$36,1,IF(D34='Support sheet '!$B$37,0))) -> 0
C35: Are there language or cultural barriers that may occur when assessing travellers? هل هناك حواجز لغوية أو ثقافية قد تحدث عند تقييم المسافرين؟ | D35: Yes / Completed | E35: =IF(D35='Support sheet '!$B$35,2,IF(D35='Support sheet '!$B$36,1,IF(D35='Support sheet '!$B$37,0))) -> 2
C36: Are translation services available? هل تتوفر خدمات الترجمة؟ | D36: No | E36: =IF(D36='Support sheet '!$B$35,2,IF(D36='Support sheet '!$B$36,1,IF(D36='Support sheet '!$B$37,0))) -> 0
C37: Have shelter, sanitation, water, waste disposal, food, privacy, safety, communications and transportation been accounted for when undertaking observation or isolation of suspect or affected travellers at ground crossings? هل تم أخذ المأوى والصرف الصحي والمياه والتخلص من النفايات والغذاء والخصوصية والسلامة والاتصالات والنقل في الاعتبار عند إجراء المراقبة أو عزل المسافرين المشتبه بهم أو المتأثرين عند معبر الحدود البري؟ | D37: Yes / Completed | E37: =IF(D37='Support sheet '!$B$35,2,IF(D37='Support sheet '!$B$36,1,IF(D37='Support sheet '!$B$37,0))) -> 2
C38: Has access to qualified laboratories been identified and established? هل تم تحديد وتأسيس إمكانية الوصول إلى المختبرات المؤهلة؟ | D38: Yes / Completed | E38: =IF(D38='Support sheet '!$B$35,2,IF(D38='Support sheet '!$B$36,1,IF(D38='Support sheet '!$B$37,0))) -> 2
B39: Health care facilities مؤسسات الرعاية الصحية | C39: Have the type and proximity of the health-care facilities relative to the ground crossing been determined? هل تم تحديد نوع وقرب مرافق الرعاية الصحية بالنسبة لمعبر الحدود البري؟ | D39: Yes / Completed | E39: =IF(D39='Support sheet '!$B$35,2,IF(D39='Support sheet '!$B$36,1,IF(D39='Support sheet '!$B$37,0))) -> 2
C40: Do travellers and ground crossing staff have access to medical professionals? ل يمكن للمسافرين وموظفي معبر الحدود البري الوصول إلى المتخصصين الطبيين؟ " | D40: Yes / Completed | E40: =IF(D40='Support sheet '!$B$35,2,IF(D40='Support sheet '!$B$36,1,IF(D40='Support sheet '!$B$37,0))) -> 2
C41: Are accessible health-care facilities able to respond to a communicable disease event? هل المرافق الصحية التي يمكن الوصول إليها قادرة على الاستجابة لحدث مرض معد؟ | D41: No | E41: =IF(D41='Support sheet '!$B$35,2,IF(D41='Support sheet '!$B$36,1,IF(D41='Support sheet '!$B$37,0))) -> 0
B42: Transportation الترحيل | C42: Have sample transport procedures been established (cross-border transport)?هل تم وضع إجراءات نقل العينات (النقل عبر الحدود)؟ | D42: Yes / Completed | E42: =IF(D42='Support sheet '!$B$35,2,IF(D42='Support sheet '!$B$36,1,IF(D42='Support sheet '!$B$37,0))) -> 2
C43: Are there means available to transport ill/suspect travellers from a ground crossing to a health care facility? هل تتوفر وسائل لنقل المسافرين المرضى/المشتبه بهم من معبر حدودي إلى مرفق رعاية صحية؟ | D43: Yes / Completed | E43: =IF(D43='Support sheet '!$B$35,2,IF(D43='Support sheet '!$B$36,1,IF(D43='Support sheet '!$B$37,0))) -> 2
B44: Trained staff الكادر المدرب | C44: Are sufficient numbers of trained staff available for routine functions at ground crossings? هل يتوفر عدد كاف من الموظفين المدربين لأداء الوظائف الروتينية عند المعابر الأرضية؟ | D44: No | E44: =IF(D44='Support sheet '!$B$35,2,IF(D44='Support sheet '!$B$36,1,IF(D44='Support sheet '!$B$37,0))) -> 0
C45: Have surge capacities been taken into consideration in order to respond to a public health emergency at a ground crossing and in a border region? هل تم أخذ قدرات الطوارئ في الاعتبار من أجل الاستجابة لحالة طوارئ صحية عامة عند معبر أرضي وفي منطقة حدودية؟ | D45: No | E45: =IF(D45='Support sheet '!$B$35,2,IF(D45='Support sheet '!$B$36,1,IF(D45='Support sheet '!$B$37,0))) -> 0
C46: Are ground crossing table-top exercises and/or field and/or full-scale drills conducted? هل يتم إجراء تدريبات على طاولة العمل و/أو تدريبات ميدانية و/أو كاملة النطاق عند المعابر الأرضية؟ | D46: No | E46: =IF(D46='Support sheet '!$B$35,2,IF(D46='Support sheet '!$B$36,1,IF(D46='Support sheet '!$B$37,0))) -> 0
C47: Are trained staff available to inspect conveyances at or near the ground crossing? هل يتوفر موظفون مدربون لفحص وسائل النقل عند أو بالقرب من المعبر الأرضي؟ | D47: Yes / Completed | E47: =IF(D47='Support sheet '!$B$35,2,IF(D47='Support sheet '!$B$36,1,IF(D47='Support sheet '!$B$37,0))) -> 2
C48: Are after-action reports available? هل تتوفر تقارير ما بعد العمل؟ | D48: Yes / Completed | E48: =IF(D48='Support sheet '!$B$35,2,IF(D48='Support sheet '!$B$36,1,IF(D48='Support sheet '!$B$37,0))) -> 2
C49: Has a gap analysis been conducted to address human resource capacities in the after-action review? هل تم إجراء تحليل للفجوات لمعالجة قدرات الموارد البشرية في مراجعة ما بعد العمل؟ | D49: No
C50: Does regular on-the-job training take place for IHR health functions? هل يتم إجراء تدريب منتظم أثناء العمل لوظائف الصحة وفقًا للوائح الصحية الدولية؟ | D50: Maybe / In progress | E50: =IF(D50='Support sheet '!$B$35,2,IF(D50='Support sheet '!$B$36,1,IF(D50='Support sheet '!$B$37,0))) -> 1
B51: Technical and logistics التقنية واللوجستية | C51: Are the necessary instruments (chemicals and equipment) available to manage an event of public health concern at a ground crossing or in a border region? "هل تتوفر الأدوات (المواد الكيميائية والمعدات) اللازمة لإدارة حدث يشكل خطرًا على الصحة العامة عند معبر بري أو في منطقة حدودية؟ | D51: No | E51: =IF(D51='Support sheet '!$B$35,2,IF(D51='Support sheet '!$B$36,1,IF(D51='Support sheet '!$B$37,0))) -> 0
C52: Has the location for storing equipment and supplies (e.g. PPE, disinfectant, etc) been identified? هل تم تحديد موقع تخزين المعدات والإمدادات (مثل معدات الوقاية الشخصية والمطهرات وما إلى ذلك)؟ | D52: No | E52: =IF(D52='Support sheet '!$B$35,2,IF(D52='Support sheet '!$B$36,1,IF(D52='Support sheet '!$B$37,0))) -> 0
C53: Has the access to equipment and supplies (e.g. PPE, disinfectant, etc.) for the ground crossing been identified? هل تم تحديد الوصول إلى المعدات والإمدادات (مثل معدات الوقاية الشخصية والمطهرات وما إلى ذلك) عند المعبر الأرضي؟ | D53: No | E53: =IF(D53='Support sheet '!$B$35,2,IF(D53='Support sheet '!$B$36,1,IF(D53='Support sheet '!$B$37,0))) -> 0
B54: Environmental health programmes برامج صحة البيئة | C54: Are environmental health programmes established near or at the ground crossing and in communities linked to the ground crossing by transportation routes? Do the programmes include: هل تم وضع برامج الصحة البيئية بالقرب من المعبر البري أو عنده وفي المجتمعات المرتبطة بالمعبر البري من خلال طرق النقل؟ هل تشمل البرامج: - potable water safety; سلامة المياه الصالحة للشرب؛ - vector control; مكافحة نواقل الامراض - solid waste and sewage management; إدارة النفايات الصلبة والصرف الصحي؛ - food safety? سلامة الغذاء | D54: No | E54: =IF(D54='Support sheet '!$B$35,2,IF(D54='Support sheet '!$B$36,1,IF(D54='Support sheet '!$B$37,0))) -> 0
C55: Is the general level of sanitation at the ground crossing facility and in surrounding areas conducive to the transmission of communicable diseases? هل المستوى العام للصرف الصحي عند مرفق المعبر البري وفي المناطق المحيطة به مواتٍ لانتقال الأمراض المعدية؟ | D55: Yes / Completed | E55: =IF(D55='Support sheet '!$B$35,2,IF(D55='Support sheet '!$B$36,1,IF(D55='Support sheet '!$B$37,0))) -> 2
C56: Are there any factors that may have an impact on the application of possible recommended measures such as disinsection, disinfection, decontamination or other treatment of contaminated conveyances, baggage and goods (e.g. human resources, equipment, supplies)? هل هناك أي عوامل قد تؤثر على تطبيق التدابير الموصى بها المحتملة مثل تطهير الحشرات والتطهير وإزالة التلوث أو غير ذلك من طرق معالجة وسائل النقل والأمتعة والبضائع الملوثة (مثل الموارد البشرية والمعدات والإمدادات)؟ | D56: No | E56: =IF(D56='Support sheet '!$B$35,2,IF(D56='Support sheet '!$B$36,1,IF(D56='Support sheet '!$B$37,0))) -> 0
B57: Vectors نواقل الامراض | C57: Have vectors of public health significance been identified? "هل تم تحديد نواقل ذات أهمية للصحة العامة؟ | D57: Yes / Completed | E57: =IF(D57='Support sheet '!$B$35,2,IF(D57='Support sheet '!$B$36,1,IF(D57='Support sheet '!$B$37,0))) -> 2
C58: Do data exist on the epidemiological context and the local entomological situation at the ground crossing and in the border region? هل توجد بيانات عن السياق الوبائي والوضع الحشري المحلي عند المعبر البري وفي منطقة الحدود؟ " | D58: Yes / Completed | E58: =IF(D58='Support sheet '!$B$35,2,IF(D58='Support sheet '!$B$36,1,IF(D58='Support sheet '!$B$37,0))) -> 2
C59: Is a vector control programme in place at the ground crossing? "هل يوجد برنامج لمكافحة النواقل عند المعبر البري؟ | D59: No | E59: =IF(D59='Support sheet '!$B$35,2,IF(D59='Support sheet '!$B$36,1,IF(D59='Support sheet '!$B$37,0))) -> 0
C60: Is a vector control programme in place in the border region? "هل يوجد برنامج لمكافحة النواقل في منطقة الحدود؟ | D60: No | E60: =IF(D60='Support sheet '!$B$35,2,IF(D60='Support sheet '!$B$36,1,IF(D60='Support sheet '!$B$37,0))) -> 0
C61: Has information on the vector control programme in one country been shared with the neighbouring country? هل تمت مشاركة المعلومات المتعلقة ببرنامج مكافحة النواقل في بلد واحد مع البلد المجاور؟ | D61: No | E61: =IF(D61='Support sheet '!$B$35,2,IF(D61='Support sheet '!$B$36,1,IF(D61='Support sheet '!$B$37,0))) -> 0
B62: One Health الصحة الواحدة | C62: Has a communication mechanism been established for exchanging information and maps of livestock migration routes and border livestock markets at ground crossings where livestock are imported or exported? هل تم إنشاء آلية اتصال لتبادل المعلومات والخرائط الخاصة بمسارات هجرة الماشية وأسواق الماشية الحدودية عند المعابر البرية حيث يتم استيراد أو تصدير الماشية؟ | D62: No | E62: =IF(D62='Support sheet '!$B$35,2,IF(D62='Support sheet '!$B$36,1,IF(D62='Support sheet '!$B$37,0))) -> 0
C63: Is there access to diagnosis of emerging and re-emerging zoonotic diseases for both human and animal sectors? "هل هناك إمكانية الوصول إلى تشخيص الأمراض الحيوانية الناشئة والمتجددة لكل من القطاعين البشري والحيواني؟ | D63: Maybe / In progress | E63: =IF(D63='Support sheet '!$B$35,2,IF(D63='Support sheet '!$B$36,1,IF(D63='Support sheet '!$B$37,0))) -> 1
C64: Is there access to veterinary services for conducting quarantine and isolation of affected animals detected among imported/exported animals at ground crossings (e.g. are there services for decontamination, disinfection and treatment of affected animals)? هل هناك إمكانية الوصول إلى الخدمات البيطرية لإجراء الحجر الصحي وعزل الحيوانات المصابة التي تم اكتشافها بين الحيوانات المستوردة / المصدرة عند المعابر البرية (على سبيل المثال، هل هناك خدمات لإزالة التلوث وتطهير وعلاج الحيوانات المصابة)؟ | D64: No | E64: =IF(D64='Support sheet '!$B$35,2,IF(D64='Support sheet '!$B$36,1,IF(D64='Support sheet '!$B$37,0))) -> 0
B65: Emergency plans | C65: Have ground crossings been incorporated into community/national public health emergency plans? | D65: No | E65: =IF(D65='Support sheet '!$B$35,2,IF(D65='Support sheet '!$B$36,1,IF(D65='Support sheet '!$B$37,0))) -> 0
C66: Have emergency planning exercises for ground crossings been conducted? | D66: Yes / Completed | E66: =IF(D66='Support sheet '!$B$35,2,IF(D66='Support sheet '!$B$36,1,IF(D66='Support sheet '!$B$37,0))) -> 2
C67: Are exercises conducted on traveller screening activities for early detection of cases? | D67: Yes / Completed | E67: =IF(D67='Support sheet '!$B$35,2,IF(D67='Support sheet '!$B$36,1,IF(D67='Support sheet '!$B$37,0))) -> 2
C68: Are there any cross-border communication protocols for sharing disease information? | D68: Yes / Completed | E68: =IF(D68='Support sheet '!$B$35,2,IF(D68='Support sheet '!$B$36,1,IF(D68='Support sheet '!$B$37,0))) -> 2
C69: Do up-to-date emergency contact lists exist within the country? | D69: Yes / Completed | E69: =IF(D69='Support sheet '!$B$35,2,IF(D69='Support sheet '!$B$36,1,IF(D69='Support sheet '!$B$37,0))) -> 2
C70: Do up-to-date emergency contact lists exist of countries on both sides of the ground crossing? | D70: No | E70: =IF(D70='Support sheet '!$B$35,2,IF(D70='Support sheet '!$B$36,1,IF(D70='Support sheet '!$B$37,0))) -> 0
C71: Have ground crossings been integrated into the community/national communication protocol? | D71: Yes / Completed | E71: =IF(D71='Support sheet '!$B$35,2,IF(D71='Support sheet '!$B$36,1,IF(D71='Support sheet '!$B$37,0))) -> 2
C72: Have standard operating procedures been established for the detection, investigation and management of cases and affected conveyances (e.g. exit screening)? | D72: Yes / Completed | E72: =IF(D72='Support sheet '!$B$35,2,IF(D72='Support sheet '!$B$36,1,IF(D72='Support sheet '!$B$37,0))) -> 2
B73: Vaccination and prophylaxis التطعيمات و الوقاية | C73: Are the vaccination requirements of the country published? "هل تم نشر متطلبات التطعيم في الدولة؟ | D73: Yes / Completed | E73: =IF(D73='Support sheet '!$B$35,2,IF(D73='Support sheet '!$B$36,1,IF(D73='Support sheet '!$B$37,0))) -> 2
C74: Have these requirements been communicated to the bordering countries? "هل تم إبلاغ هذه المتطلبات إلى الدول المجاورة؟ | D74: Yes / Completed | E74: =IF(D74='Support sheet '!$B$35,2,IF(D74='Support sheet '!$B$36,1,IF(D74='Support sheet '!$B$37,0))) -> 2
C75: Are records of vaccination required at point of entry?"هل سجلات التطعيم مطلوبة عند نقطة الدخول؟ | D75: Yes / Completed | E75: =IF(D75='Support sheet '!$B$35,2,IF(D75='Support sheet '!$B$36,1,IF(D75='Support sheet '!$B$37,0))) -> 2
C76: Are there any vaccination or prophylaxis services for travellers at the ground "هل توجد أي خدمات تطعيم أو وقاية للمسافرين عند المعبر البري؟ crossing? | D76: Yes / Completed | E76: =IF(D76='Support sheet '!$B$35,2,IF(D76='Support sheet '!$B$36,1,IF(D76='Support sheet '!$B$37,0))) -> 2
C77: Are there any vaccination or prophylaxis services for the border region? "هل توجد أي خدمات تطعيم أو وقاية لمنطقة الحدود؟ | D77: Yes / Completed | E77: =IF(D77='Support sheet '!$B$35,2,IF(D77='Support sheet '!$B$36,1,IF(D77='Support sheet '!$B$37,0))) -> 2
C78: Do contingency plans for mass vaccination exist? " "هل توجد خطط طوارئ للتطعيم الجماعي؟ | D78: No | E78: =IF(D78='Support sheet '!$B$35,2,IF(D78='Support sheet '!$B$36,1,IF(D78='Support sheet '!$B$37,0))) -> 0
C79: Has the general health status of the communities near the ground crossing or along transit routes that are linked to the ground crossing been considered (i.e. malnutrition, vaccination rates)? هل تم النظر في الحالة الصحية العامة للمجتمعات القريبة من المعبر البري أو على طول طرق العبور المرتبطة بالمعبر البري (أي سوء التغذية ومعدلات التطعيم)؟ | D79: Yes / Completed | E79: =IF(D79='Support sheet '!$B$35,2,IF(D79='Support sheet '!$B$36,1,IF(D79='Support sheet '!$B$37,0))) -> 2
B80: Community engagement إشراك المجتمعات | C80: Could any local cultural practices along the border region (i.e. burial practices) increase the hazard? "هل يمكن أن تؤدي أي ممارسات ثقافية محلية على طول منطقة الحدود (أي ممارسات الدفن) إلى زيادة الخطر؟ | D80: Yes / Completed | E80: =IF(D80='Support sheet '!$B$35,2,IF(D80='Support sheet '!$B$36,1,IF(D80='Support sheet '!$B$37,0))) -> 2
C81: Have health-seeking practices been identified among the border communities? هل تم تحديد ممارسات تسعى إلى الحفاظ على الصحة بين مجتمعات الحدود؟ | D81: Yes / Completed | E81: =IF(D81='Support sheet '!$B$35,2,IF(D81='Support sheet '!$B$36,1,IF(D81='Support sheet '!$B$37,0))) -> 2
C82: Are there social or behavioural considerations? هل هناك اعتبارات اجتماعية أو سلوكية؟ | D82: Yes / Completed | E82: =IF(D82='Support sheet '!$B$35,2,IF(D82='Support sheet '!$B$36,1,IF(D82='Support sheet '!$B$37,0))) -> 2
C83: Have any ethical concerns of note been identified? هل تم تحديد أي مخاوف أخلاقية جديرة بالملاحظة؟ | D83: No | E83: =IF(D83='Support sheet '!$B$35,2,IF(D83='Support sheet '!$B$36,1,IF(D83='Support sheet '!$B$37,0))) -> 0
C84: lHas the communit+C67:C84y’s general level of acceptance of potential control measures been considered? هل تم النظر في المستوى العام لقبول المجتمع لتدابير السيطرة المحتملة؟ | D84: Yes / Completed | E84: =IF(D84='Support sheet '!$B$35,2,IF(D84='Support sheet '!$B$36,1,IF(D84='Support sheet '!$B$37,0))) -> 2
C87: Total capacity | E87: =SUM(E7:E84) -> 78
E89: Variable | F89: Total score
D90: 1 | E90: Very high | F90: 125 - 156
D91: 2 | E91: High | F91: 93 - 124
D92: 3 | E92: Partial | F92: 62 - 91
D93: 4 | E93: Low | F93: 32 - 61
D94: 5 | E94: Very low | F94: 0 - 31
D96: Final score | E96: =IF(E87>125,"1",IF(E87>93,"2",IF(E87>62,"3",IF(E87>32,"4",IF(E87>0,"5"))))) -> 3
D97: Capacity level | E97: =IF(E96="1","Very High",IF(E96="2","High",IF(E96="3","Partial",IF(E96="4","Low",IF(E96="5","Very Low"))))) -> Partial

Sheet 7- Likelihood Assessment 
C4: Exposure: For each possible hazard (biological, chemical, physical or radiological), determine the likelihood of occurrence. Determine the likelihood of occurrence of a hazard by evaluating its frequency and seasonality, and by identifying the possible negative health consequences for populations at ground crossings and in adjacent border communities. "التعرض: بالنسبة لكل خطر محتمل (بيولوجي أو كيميائي أو فيزيائي أو إشعاعي)، حدد احتمالية حدوثه. حدد احتمالية حدوث الخطر من خلال تقييم تواتر حدوثه وموسميته، ومن خلال تحديد العواقب الصحية السلبية المحتملة على السكان عند المعابر البرية وفي المجتمعات الحدودية المجاورة.
C5: Guiding factors to take into consideration when determining exposure: العوامل التوجيهية التي يجب أخذها في الاعتبار عند تحديد التعرض:
C6: • Are there any interactions at ground crossings and in the border region that facilitate the introduction/spread of diseases to the bordering countries? هل هناك أي تفاعلات عند المعابر البرية وفي منطقة الحدود تسهل إدخال/انتشار الأمراض إلى البلدان المجاورة؟ • Is the hazard highly infectious? هل الخطر شديد العدوي • Is there any past evidence of local spread within the border region? هل هناك أي دليل سابق على انتشار محلي داخل منطقة الحدود؟ • Is there an index case that is associated with a history of travelling to bordering countries within the previous month, or of close contact with a traveller/mobile population at the ground crossing, or participation in an international gathering in the bordering countries? هل هناك حالة مؤشر مرتبطة بتاريخ السفر إلى البلدان المجاورة خلال الشهر السابق، أو اتصال وثيق مع مسافر/سكان متنقلين عند المعبر البري، أو المشاركة في تجمع دولي في البلدان المجاورة؟ • Is there any past evidence of an event caused by environmental contamination associated with this specific hazard (biological, zoonotic, chemical or radiological) that has the potential to spread across borders? هل هناك أي دليل سابق على حدوث حدث ناتج عن تلوث بيئي مرتبط بهذا الخطر المحدد (بيولوجي، حيواني المنشأ، كيميائي أو إشعاعي) لديه القدرة على الانتشار عبر الحدود؟ • Is the event at a ground crossing or in a border region with intense international traffic and limited capacity for sanitary control or environmental disinfection and decontamination? هل الحدث عند معبر بري أو في منطقة حدودية ذات حركة مرور دولية مكثفة وقدرة محدودة على التحكم الصحي أو التطهير البيئي وإزالة التلوث؟ The assessment team should use the information collected to answer, for each possible hazard, the five questions that are below. Each question should be answered by either YES or NO. YES scores 1 and NO scores 0. يجب على فريق التقييم استخدام المعلومات التي تم جمعها للإجابة، لكل خطر محتمل، على الأسئلة الخمسة أدناه. يجب الإجابة على كل سؤال إما بنعم أو لا. تحصل الإجابة بنعم على 1 وتحصل الإجابة بلا على 0. Click on the drop-down tab in the cell in front of the question to choose the answer. Following this action, the score will appear in the next cell on the same line. When all five questions have been answered, the total likelihood score for the identified hazard will appear in the cell next to the "TOTAL SCORE" cell. This score will also appear on line 103 and the likelihood level will appear on line 104 under the column assigned to the identified hazard. انقر فوق علامة التبويب المنسدلة في الخلية أمام السؤال لاختيار الإجابة. وبعد هذا الإجراء، ستظهر النتيجة في الخلية التالية على نفس السطر. وعندما تتم الإجابة على الأسئلة الخمسة، ستظهر درجة الاحتمالية الإجمالية للخطر المحدد في الخلية بجوار خلية ""الدرجة الإجمالية"". وستظهر هذه النتيجة أيضًا في السطر 103 وسيظهر مستوى الاحتمالية في السطر 104 أسفل العمود المخصص للخطر المحدد. The assigned score from 1 to 5 would be as follows: ستكون النتيجة المخصصة من 1 إلى 5 على النحو التالي: 1. Very unlikely غير محتمل للغاية 2 2. Unlikely غير محتمل 3 3. Likely محتمل 4 4. Very likely محتمل جدا 5 5. Almost certain شيه مؤكد
C9: HAZARD 1 | D9: ='3-Hazard Assessment'!B14 -> Dengue
C10: QUESTIONS | D10: YES / NO | E10: Score
C11: Are there any interactions at ground crossings and in the border region that facilitate the introduction/spread of diseases to the bordering countries? هل هناك أي تفاعلات عند المعابر البرية وفي منطقة الحدود تسهل إدخال/انتشار الأمراض إلى البلدان المجاورة؟ | D11: YES | E11: =IF(D11="YES",1,0) -> 1
C12: Is the hazard highly infectious? هل الخطر معدي للغاية؟ | D12: NO | E12: =IF(D12="YES",1,0) -> 0
C13: Is there any past evidence of local spread within the border region? هل هناك أي دليل سابق على انتشار محلي داخل منطقة الحدود؟ | D13: YES | E13: =IF(D13="YES",1,0) -> 1
C14: Is there any past evidence of an event caused by environmental contamination associated with this specific hazard (biological, zoonotic, chemical or radiological) that has the potential to spread across borders? هل هناك أي دليل سابق على وقوع حدث ناتج عن تلوث بيئي مرتبط بهذا الخطر المحدد (البيولوجي أو الحيواني أو الكيميائي أو الإشعاعي) والذي يحتمل أن ينتشر عبر الحدود؟ | D14: NO | E14: =IF(D14="YES",1,0) -> 0
C15: Is the event at a ground crossing or in a border region with intense international traffic and limited capacity for sanitary control or environmental disinfection and decontamination? هل وقع الحدث عند معبر بري أو في منطقة حدودية ذات حركة مرور دولية مكثفة وقدرة محدودة على التحكم الصحي أو تطهير البيئة وإزالة التلوث؟ | D15: NO | E15: =IF(D15="YES",1,0) -> 0
C16: TOTAL SCORE | E16: =SUM(E11:E15) -> 2
C18: HAZARD 2 | D18: ='3-Hazard Assessment'!C14 -> Cholera
C19: QUESTIONS | D19: YES / NO | E19: Score
C20: Are there any interactions at ground crossings and in the border region that facilitate the introduction/spread of diseases to the bordering countries? | D20: YES | E20: =IF(D20="YES",1,0) -> 1
C21: Is the hazard highly infectious? | D21: YES | E21: =IF(D21="YES",1,0) -> 1
C22: Is there any past evidence of local spread within the border region? | D22: YES | E22: =IF(D22="YES",1,0) -> 1
C23: Is there any past evidence of an event caused by environmental contamination associated with this specific hazard (biological, zoonotic, chemical or radiological) that has the potential to spread across borders? | D23: YES | E23: =IF(D23="YES",1,0) -> 1
C24: Is the event at a ground crossing or in a border region with intense international traffic and limited capacity for sanitary control or environmental disinfection and decontamination? | D24: YES | E24: =IF(D24="YES",1,0) -> 1
C25: TOTAL SCORE | E25: =SUM(E20:E24) -> 5
C27: HAZARD 3 | D27: ='3-Hazard Assessment'!D14 -> Malaria
C28: QUESTIONS | D28: YES / NO | E28: Score
C29: Are there any interactions at ground crossings and in the border region that facilitate the introduction/spread of diseases to the bordering countries? | D29: YES | E29: =IF(D29="YES",1,0) -> 1
C30: Is the hazard highly infectious? | D30: YES | E30: =IF(D30="YES",1,0) -> 1
C31: Is there any past evidence of local spread within the border region? | D31: NO | E31: =IF(D31="YES",1,0) -> 0
C32: Is there any past evidence of an event caused by environmental contamination associated with this specific hazard (biological, zoonotic, chemical or radiological) that has the potential to spread across borders? | D32: NO | E32: =IF(D32="YES",1,0) -> 0
C33: Is the event at a ground crossing or in a border region with intense international traffic and limited capacity for sanitary control or environmental disinfection and decontamination? | D33: NO | E33: =IF(D33="YES",1,0) -> 0
C34: TOTAL SCORE | E34: =SUM(E29:E33) -> 2
C36: HAZARD 4 | D36: ='3-Hazard Assessment'!E14 -> VHF
C37: QUESTIONS | D37: YES / NO | E37: Score
C38: Are there any interactions at ground crossings and in the border region that facilitate the introduction/spread of diseases to the bordering countries? | D38: YES | E38: =IF(D38="YES",1,0) -> 1
C39: Is the hazard highly infectious? | D39: YES | E39: =IF(D39="YES",1,0) -> 1
C40: Is there any past evidence of local spread within the border region? | D40: NO | E40: =IF(D40="YES",1,0) -> 0
C41: Is there any past evidence of an event caused by environmental contamination associated with this specific hazard (biological, zoonotic, chemical or radiological) that has the potential to spread across borders? | D41: NO | E41: =IF(D41="YES",1,0) -> 0
C42: Is the event at a ground crossing or in a border region with intense international traffic and limited capacity for sanitary control or environmental disinfection and decontamination? | D42: NO | E42: =IF(D42="YES",1,0) -> 0
C43: TOTAL SCORE | E43: =SUM(E38:E42) -> 2
C45: HAZARD 5 | D45: ='3-Hazard Assessment'!F14 -> Covid-19
C46: QUESTIONS | D46: YES / NO | E46: Score
C47: Are there any interactions at ground crossings and in the border region that facilitate the introduction/spread of diseases to the bordering countries? | D47: YES | E47: =IF(D47="YES",1,0) -> 1
C48: Is the hazard highly infectious? | D48: YES | E48: =IF(D48="YES",1,0) -> 1
C49: Is there any past evidence of local spread within the border region? | D49: YES | E49: =IF(D49="YES",1,0) -> 1
C50: Is there any past evidence of an event caused by environmental contamination associated with this specific hazard (biological, zoonotic, chemical or radiological) that has the potential to spread across borders? | D50: YES | E50: =IF(D50="YES",1,0) -> 1
C51: Is the event at a ground crossing or in a border region with intense international traffic and limited capacity for sanitary control or environmental disinfection and decontamination? | D51: YES | E51: =IF(D51="YES",1,0) -> 1
C52: TOTAL SCORE | E52: =SUM(E47:E51) -> 5
C54: HAZARD 6 | D54: ='3-Hazard Assessment'!G14 -> Influenza
C55: QUESTIONS | D55: YES / NO | E55: Score
C56: Are there any interactions at ground crossings and in the border region that facilitate the introduction/spread of diseases to the bordering countries? | D56: YES | E56: =IF(D56="YES",1,0) -> 1
C57: Is the hazard highly infectious? | D57: NO | E57: =IF(D57="YES",1,0) -> 0
C58: Is there any past evidence of local spread within the border region? | D58: NO | E58: =IF(D58="YES",1,0) -> 0
C59: Is there any past evidence of an event caused by environmental contamination associated with this specific hazard (biological, zoonotic, chemical or radiological) that has the potential to spread across borders? | D59: NO | E59: =IF(D59="YES",1,0) -> 0
C60: Is the event at a ground crossing or in a border region with intense international traffic and limited capacity for sanitary control or environmental disinfection and decontamination? | D60: NO | E60: =IF(D60="YES",1,0) -> 0
C61: TOTAL SCORE | E61: =SUM(E56:E60) -> 1
C63: HAZARD 7 | D63: ='3-Hazard Assessment'!H14 -> Mass Casualities
C64: QUESTIONS | D64: YES / NO | E64: Score
C65: Are there any interactions at ground crossings and in the border region that facilitate the introduction/spread of diseases to the bordering countries? | D65: YES | E65: =IF(D65="YES",1,0) -> 1
C66: Is the hazard highly infectious? | D66: NO | E66: =IF(D66="YES",1,0) -> 0
C67: Is there any past evidence of local spread within the border region? | D67: NO | E67: =IF(D67="YES",1,0) -> 0
C68: Is there any past evidence of an event caused by environmental contamination associated with this specific hazard (biological, zoonotic, chemical or radiological) that has the potential to spread across borders? | D68: NO | E68: =IF(D68="YES",1,0) -> 0
C69: Is the event at a ground crossing or in a border region with intense international traffic and limited capacity for sanitary control or environmental disinfection and decontamination? | D69: NO | E69: =IF(D69="YES",1,0) -> 0
C70: TOTAL SCORE | E70: =SUM(E65:E69) -> 1
C72: HAZARD 8 | D72: ='3-Hazard Assessment'!I14 -> Chemical
C73: QUESTIONS | D73: YES / NO | E73: Score
C74: Are there any interactions at ground crossings and in the border region that facilitate the introduction/spread of diseases to the bordering countries? | D74: NO | E74: =IF(D74="YES",1,0) -> 0
C75: Is the hazard highly infectious? | D75: YES | E75: =IF(D75="YES",1,0) -> 1
C76: Is there any past evidence of local spread within the border region? | D76: NO | E76: =IF(D76="YES",1,0) -> 0
C77: Is there any past evidence of an event caused by environmental contamination associated with this specific hazard (biological, zoonotic, chemical or radiological) that has the potential to spread across borders? | D77: NO | E77: =IF(D77="YES",1,0) -> 0
C78: Is the event at a ground crossing or in a border region with intense international traffic and limited capacity for sanitary control or environmental disinfection and decontamination? | D78: YES | E78: =IF(D78="YES",1,0) -> 1
C79: TOTAL SCORE | E79: =SUM(E74:E78) -> 2
C81: HAZARD 9 | D81: ='3-Hazard Assessment'!J14 -> Radiological
C82: QUESTIONS | D82: YES / NO | E82: Score
C83: Are there any interactions at ground crossings and in the border region that facilitate the introduction/spread of diseases to the bordering countries? | D83: NO | E83: =IF(D83="YES",1,0) -> 0
C84: Is the hazard highly infectious? | D84: YES | E84: =IF(D84="YES",1,0) -> 1
C85: Is there any past evidence of local spread within the border region? | D85: NO | E85: =IF(D85="YES",1,0) -> 0
C86: Is there any past evidence of an event caused by environmental contamination associated with this specific hazard (biological, zoonotic, chemical or radiological) that has the potential to spread across borders? | D86: NO | E86: =IF(D86="YES",1,0) -> 0
C87: Is the event at a ground crossing or in a border region with intense international traffic and limited capacity for sanitary control or environmental disinfection and decontamination? | D87: NO | E87: =IF(D87="YES",1,0) -> 0
C88: TOTAL SCORE | E88: =SUM(E83:E87) -> 1
C90: HAZARD 10 | D90: ='3-Hazard Assessment'!K14 -> Physical
C91: QUESTIONS | D91: YES / NO | E91: Score
C92: Are there any interactions at ground crossings and in the border region that facilitate the introduction/spread of diseases to the bordering countries? | D92: YES | E92: =IF(D92="YES",1,0) -> 1
C93: Is the hazard highly infectious? | D93: YES | E93: =IF(D93="YES",1,0) -> 1
C94: Is there any past evidence of local spread within the border region? | D94: NO | E94: =IF(D94="YES",1,0) -> 0
C95: Is there any past evidence of an event caused by environmental contamination associated with this specific hazard (biological, zoonotic, chemical or radiological) that has the potential to spread across borders? | D95: NO | E95: =IF(D95="YES",1,0) -> 0
C96: Is the event at a ground crossing or in a border region with intense international traffic and limited capacity for sanitary control or environmental disinfection and decontamination? | D96: YES | E96: =IF(D96="YES",1,0) -> 1
C97: TOTAL SCORE | E97: =SUM(E92:E96) -> 3
C100: The assigned score from 1 to 5 would be as follows: 1. Very unlikely 2. Unlikely 3. Likely 4. Very likely 1 5. Almost certain
C101: Idenfied priority hazards | D101: HAZARD 1 | E101: HAZARD 2 | F101: HAZARD 3 | G101: HAZARD 4 | H101: HAZARD 5 | I101: HAZARD 6 | J101: HAZARD 7 | K101: HAZARD 8 | L101: HAZARD 9 | M101: HAZARD 10
C102: Hazard name | D102: ='3-Hazard Assessment'!B14 -> Dengue | E102: ='3-Hazard Assessment'!C14 -> Cholera | F102: ='3-Hazard Assessment'!D14 -> Malaria | G102: ='3-Hazard Assessment'!E14 -> VHF | H102: ='3-Hazard Assessment'!F14 -> Covid-19 | I102: ='3-Hazard Assessment'!G14 -> Influenza | J102: ='3-Hazard Assessment'!H14 -> Mass Casualities | K102: ='3-Hazard Assessment'!I14 -> Chemical | ... M102: ='3-Hazard Assessment'!K14 -> Physical
C103: Score | D103: =E16 -> 2 | E103: =E25 -> 5 | F103: =E34 -> 2 | G103: =E43 -> 2 | H103: =E52 -> 5 | I103: =E61 -> 1 | J103: =E70 -> 1 | K103: =E79 -> 2 | L103: =E88 -> 1 | M103: =E97 -> 3
C104: Likelihood level | D104: =IF(D103=1,"Very Unlikely",IF(D103=2,"Unlikely",IF(D103=3,"Likely",IF(D103=4,"Very Likely",IF(D103=5,"Almost certain"))))) -> Unlikely | E104: =IF(E103=1,"Very Unlikely",IF(E103=2,"Unlikely",IF(E103=3,"Likely",IF(E103=4,"Very Likely",IF(E103=5,"Almost certain"))))) -> Almost certain | F104: =IF(F103=1,"Very Unlikely",IF(F103=2,"Unlikely",IF(F103=3,"Likely",IF(F103=4,"Very Likely",IF(F103=5,"Almost certain"))))) -> Unlikely | G104: =IF(G103=1,"Very Unlikely",IF(G103=2,"Unlikely",IF(G103=3,"Likely",IF(G103=4,"Very Likely",IF(G103=5,"Almost certain"))))) -> Unlikely | H104: =IF(H103=1,"Very Unlikely",IF(H103=2,"Unlikely",IF(H103=3,"Likely",IF(H103=4,"Very Likely",IF(H103=5,"Almost certain"))))) -> Almost certain | I104: =IF(I103=1,"Very Unlikely",IF(I103=2,"Unlikely",IF(I103=3,"Likely",IF(I103=4,"Very Likely",IF(I103=5,"Almost certain"))))) -> Very Unlikely | J104: =IF(J103=1,"Very Unlikely",IF(J103=2,"Unlikely",IF(J103=3,"Likely",IF(J103=4,"Very Likely",IF(J103=5,"Almost certain"))))) -> Very Unlikely | K104: =IF(K103=1,"Very Unlikely",IF(K103=2,"Unlikely",IF(K103=3,"Likely",IF(K103=4,"Very Likely",IF(K103=5,"Almost certain"))))) -> Unlikely | ... M104: =IF(M103=1,"Very Unlikely",IF(M103=2,"Unlikely",IF(M103=3,"Likely",IF(M103=4,"Very Likely",IF(M103=5,"Almost certain"))))) -> Likely

Sheet 8-Scorecard
C2: The scale of the impact of an individual hazard is determined by an aggregation of the scores given for vulnerability, severity and coping capacity. يتم تحديد حجم تأثير الخطر الفردي من خلال تجميع الدرجات المعطاة للضعف والشدة والقدرة على التكيف Impact = (vulnerability + severity + coping capacity)/3 التأثير = (الضعف + الشدة + القدرة على التكيف) / 3 1. Very low منخفض جدا 2. Low منخفض 3. Moderate متوسط 4. High عالي 5. Very high عالي جدا
D7: Hazard 1 | E7: Hazard 2 | F7: Hazard 3 | G7: Hazard 4 | H7: Hazard 5 | I7: Hazard 6 | J7: Hazard 7 | K7: Hazard 8 | L7: Hazard 9 | M7: Hazard 10
C8: Hazard name اسم الخطر | D8: ='3-Hazard Assessment'!B14 -> Dengue | E8: ='3-Hazard Assessment'!C14 -> Cholera | F8: ='3-Hazard Assessment'!D14 -> Malaria | G8: ='3-Hazard Assessment'!E14 -> VHF | H8: ='3-Hazard Assessment'!F14 -> Covid-19 | I8: ='3-Hazard Assessment'!G14 -> Influenza | J8: ='3-Hazard Assessment'!H14 -> Mass Casualities | K8: ='3-Hazard Assessment'!I14 -> Chemical | ... M8: ='3-Hazard Assessment'!K14 -> Physical
C9: Exposure التعرض | D9: ='4- Vulnerabilty Assessment'!D103 -> 5 | E9: ='4- Vulnerabilty Assessment'!E103 -> 5 | F9: ='4- Vulnerabilty Assessment'!F103 -> 5 | G9: ='4- Vulnerabilty Assessment'!G103 -> 5 | H9: ='4- Vulnerabilty Assessment'!H103 -> 4 | I9: ='4- Vulnerabilty Assessment'!I103 -> 5 | J9: ='4- Vulnerabilty Assessment'!J103 -> 2 | K9: ='4- Vulnerabilty Assessment'!K103 -> 4 | ... M9: ='4- Vulnerabilty Assessment'!M103 -> 4
C10: Severtiy شدة | D10: ='5- Severity Assessment '!C81 -> 3 | E10: ='5- Severity Assessment '!D81 -> 5 | F10: ='5- Severity Assessment '!E81 -> 2 | G10: ='5- Severity Assessment '!F81 -> 3 | H10: ='5- Severity Assessment '!G81 -> 2 | I10: ='5- Severity Assessment '!H81 -> 1 | J10: ='5- Severity Assessment '!I81 -> 3 | K10: ='5- Severity Assessment '!J81 -> 2 | ... M10: ='5- Severity Assessment '!L81 -> 4
C11: Coping capacities قدرات التأقلم | D11: =' 6-Capacity Assessment'!$E$96 -> 3 | E11: =' 6-Capacity Assessment'!$E$96 -> 3 | F11: =' 6-Capacity Assessment'!$E$96 -> 3 | G11: =' 6-Capacity Assessment'!$E$96 -> 3 | H11: =' 6-Capacity Assessment'!$E$96 -> 3 | I11: =' 6-Capacity Assessment'!$E$96 -> 3 | J11: =' 6-Capacity Assessment'!$E$96 -> 3 | K11: =' 6-Capacity Assessment'!$E$96 -> 3 | ... M11: =' 6-Capacity Assessment'!$E$96 -> 3
C12: Impact تأثير | D12: =(D9+D10+D11)/3 -> 3.6666667 | E12: =(E9+E10+E11)/3 -> 4.3333333 | F12: =(F9+F10+F11)/3 -> 3.3333333 | G12: =(G9+G10+G11)/3 -> 3.6666667 | H12: =(H9+H10+H11)/3 -> 3 | I12: =(I9+I10+I11)/3 -> 3 | J12: =(J9+J10+J11)/3 -> 2.6666667 | K12: =(K9+K10+K11)/3 -> 3 | ... M12: =(M9+M10+M11)/3 -> 3.6666667
C13: Rounding line | D13: =ROUND(D12,0) -> 4 | E13: =ROUND(E12,0) -> 4 | F13: =ROUND(F12,0) -> 3 | G13: =ROUND(G12,0) -> 4 | H13: =ROUND(H12,0) -> 3 | I13: =ROUND(I12,0) -> 3 | J13: =ROUND(J12,0) -> 3 | K13: =ROUND(K12,0) -> 3 | ... M13: =ROUND(M12,0) -> 4
C14: Impact level مستوي التأثير | D14: =IF(D13=1, "Very low",IF(D13=2,"Low",IF(D13=3,"Moderate",IF(D13=4,"High",IF(D13=5,"Very high"))))) -> High | E14: =IF(E13=1, "Very low",IF(E13=2,"Low",IF(E13=3,"Moderate",IF(E13=4,"High",IF(E13=5,"Very high"))))) -> High | F14: =IF(F13=1, "Very low",IF(F13=2,"Low",IF(F13=3,"Moderate",IF(F13=4,"High",IF(F13=5,"Very high"))))) -> Moderate | G14: =IF(G13=1, "Very low",IF(G13=2,"Low",IF(G13=3,"Moderate",IF(G13=4,"High",IF(G13=5,"Very high"))))) -> High | H14: =IF(H13=1, "Very low",IF(H13=2,"Low",IF(H13=3,"Moderate",IF(H13=4,"High",IF(H13=5,"Very high"))))) -> Moderate | I14: =IF(I13=1, "Very low",IF(I13=2,"Low",IF(I13=3,"Moderate",IF(I13=4,"High",IF(I13=5,"Very high"))))) -> Moderate | J14: =IF(J13=1, "Very low",IF(J13=2,"Low",IF(J13=3,"Moderate",IF(J13=4,"High",IF(J13=5,"Very high"))))) -> Moderate | K14: =IF(K13=1, "Very low",IF(K13=2,"Low",IF(K13=3,"Moderate",IF(K13=4,"High",IF(K13=5,"Very high"))))) -> Moderate | ... M14: =IF(M13=1, "Very low",IF(M13=2,"Low",IF(M13=3,"Moderate",IF(M13=4,"High",IF(M13=5,"Very high"))))) -> High
C17: Likelihood score درجة الاحتمالية | D17: ='7- Likelihood Assessment '!D103 -> 2 | E17: ='7- Likelihood Assessment '!E103 -> 5 | F17: ='7- Likelihood Assessment '!F103 -> 2 | G17: ='7- Likelihood Assessment '!G103 -> 2 | H17: ='7- Likelihood Assessment '!H103 -> 5 | I17: ='7- Likelihood Assessment '!I103 -> 1 | J17: ='7- Likelihood Assessment '!J103 -> 1 | K17: ='7- Likelihood Assessment '!K103 -> 2 | ... M17: ='7- Likelihood Assessment '!M103 -> 3
C18: Likelihood level مستوي الاحتمالية | D18: =IF(D17=1,"Very Unlikely",IF(D17=2,"Unlikely",IF(D17=3,"Likely",IF(D17=4,"Very Likely",IF(D17=5,"Almost certain"))))) -> Unlikely | E18: =IF(E17=1,"Very Unlikely",IF(E17=2,"Unlikely",IF(E17=3,"Likely",IF(E17=4,"Very Likely",IF(E17=5,"Almost certain"))))) -> Almost certain | F18: =IF(F17=1,"Very Unlikely",IF(F17=2,"Unlikely",IF(F17=3,"Likely",IF(F17=4,"Very Likely",IF(F17=5,"Almost certain"))))) -> Unlikely | G18: =IF(G17=1,"Very Unlikely",IF(G17=2,"Unlikely",IF(G17=3,"Likely",IF(G17=4,"Very Likely",IF(G17=5,"Almost certain"))))) -> Unlikely | H18: =IF(H17=1,"Very Unlikely",IF(H17=2,"Unlikely",IF(H17=3,"Likely",IF(H17=4,"Very Likely",IF(H17=5,"Almost certain"))))) -> Almost certain | I18: =IF(I17=1,"Very Unlikely",IF(I17=2,"Unlikely",IF(I17=3,"Likely",IF(I17=4,"Very Likely",IF(I17=5,"Almost certain"))))) -> Very Unlikely | J18: =IF(J17=1,"Very Unlikely",IF(J17=2,"Unlikely",IF(J17=3,"Likely",IF(J17=4,"Very Likely",IF(J17=5,"Almost certain"))))) -> Very Unlikely | K18: =IF(K17=1,"Very Unlikely",IF(K17=2,"Unlikely",IF(K17=3,"Likely",IF(K17=4,"Very Likely",IF(K17=5,"Almost certain"))))) -> Unlikely | ... M18: =IF(M17=1,"Very Unlikely",IF(M17=2,"Unlikely",IF(M17=3,"Likely",IF(M17=4,"Very Likely",IF(M17=5,"Almost certain"))))) -> Likely
C20: RISK MATRIX GUIDE
C21: Likelihood of hazard occurring | D21: Almost certain شيه مؤكد
D22: Very likely من المحتمل جدا
D23: Likely محتمل
D24: Unlikely غير محتمل
D25: Very unlikely غير محتمل جدا
E26: Very low | F26: Low | G26: Moderate | H26: High | I26: Very high
E27: Consequences of hazard occurring (impact) عواقب وقوع الخطر (التأثير)
C29: RISK MATRIX HAZARD 1 | D29: =D8 -> Dengue
C30: Likelihood of hazard occurring | D30: Almost certain
D31: Very likely
D32: Likely
D33: Unlikely
D34: Very unlikely
E35: Very low | F35: Low | G35: Moderate | H35: High | I35: Very high
E36: Consequences of hazard occurring (impact)
C39: RISK MATRIX HAZARD 2 | D39: =E8 -> Cholera
C40: Likelihood of hazard occurring | D40: Almost certain
D41: Very likely
D42: Likely
D43: Unlikely
D44: Very unlikely
E45: Very low | F45: Low | G45: Moderate | H45: High | I45: Very high
E46: Consequences of hazard occurring (impact)
C49: RISK MATRIX HAZARD 3 | D49: =F8 -> Malaria
C50: Likelihood of hazard occurring | D50: Almost certain
D51: Very likely
D52: Likely
D53: Unlikely
D54: Very unlikely
E55: Very low | F55: Low | G55: Moderate | H55: High | I55: Very high
E56: Consequences of hazard occurring (impact)
C59: RISK MATRIX HAZARD 4 | D59: =G8 -> VHF
C60: Likelihood of hazard occurring | D60: Almost certain
D61: Very likely
D62: Likely
D63: Unlikely
D64: Very unlikely
E65: Very low | F65: Low | G65: Moderate | H65: High | I65: Very high
E66: Consequences of hazard occurring (impact)
C69: RISK MATRIX HAZARD 5 | D69: =H8 -> Covid-19
C70: Likelihood of hazard occurring | D70: Almost certain
D71: Very likely
D72: Likely
D73: Unlikely
D74: Very unlikely
E75: Very low | F75: Low | G75: Moderate | H75: High | I75: Very high
E76: Consequences of hazard occurring (impact)
C79: RISK MATRIX HAZARD 6 | D79: =I8 -> Influenza
C80: Likelihood of hazard occurring | D80: Almost certain | I80: RED
D81: Very likely
D82: Likely
D83: Unlikely
D84: Very unlikely
E85: Very low | F85: Low | G85: Moderate | H85: High | I85: Very high
E86: Consequences of hazard occurring (impact)
C89: RISK MATRIX HAZARD 7 | D89: =J8 -> Mass Casualities
C90: Likelihood of hazard occurring | D90: Almost certain
D91: Very likely
D92: Likely
D93: Unlikely
D94: Very unlikely
E95: Very low | F95: Low | G95: Moderate | H95: High | I95: Very high
E96: Consequences of hazard occurring (impact)
C99: RISK MATRIX HAZARD 8 | D99: =K8 -> Chemical
C100: Likelihood of hazard occurring | D100: Almost certain
D101: Very likely
D102: Likely
D103: Unlikely
D104: Very unlikely
E105: Very low | F105: Low | G105: Moderate | H105: High | I105: Very high
E106: Consequences of hazard occurring (impact)
C109: RISK MATRIX HAZARD 9 | D109: =L8 -> Radiological
C110: Likelihood of hazard occurring | D110: Almost certain
D111: Very likely
D112: Likely
D113: Unlikely
D114: Very unlikely
E115: Very low | F115: Low | G115: Moderate | H115: High | I115: Very high
E116: Consequences of hazard occurring (impact)
C119: RISK MATRIX HAZARD 10 | D119: =M8 -> Physical
C120: Likelihood of hazard occurring | D120: Almost certain
D121: Very likely
D122: Likely
D123: Unlikely
D124: Very unlikely
E125: Very low | F125: Low | G125: Moderate | H125: High | I125: Very high
E126: Consequences of hazard occurring (impact)

Sheet 9-Mitigation Measures
C3: يجب أن يقرر فريق التقييم إجراءات تخفيف المخاطر المطلوبة، بالإضافة إلى الحد الأدنى وإجراءات الاستعداد الإضافية. ينبغي لفريق التقييم أن يعطي الأولوية لأنشطة تنمية القدرات التي يحركها المستوى العام للمخاطر (الاحتمال × التأثير)، على النحو الذي تحدده عملية توصيف المخاطر باتباع دليل تدابير التخفيف أدناه
C5: دليل تدابير التخفيف
C6: احتمالية وتأثير كل خطر | D6: إجراءات تخفيف المخاطر | E6: Capacities/examplesالقدرات/الأمثلة
D7: Minimum preparedness actions (ground crossing capacity development activities)إجراءات الاستعداد الدنيا (أنشطة تنمية قدرات المعابر البريه) | E7: Ongoing monitoring of the hazards to determine that the impact or likelihood does not increase.المراقبة المستمرة للمخاطر لتحديد أن التأثير أو الاحتمالية لا تزيد.
D8: Additional preparedness actions: minimum preparedness actions, plus:إجراءات الاستعداد الإضافية: الحد الأدنى من إجراءات الاستعداد، بالإضافة إلى: | E8: Provision for adequate capacities are prioritized due to the high impact of occurrence and/or likelihood. Refer to the previous assessment of coping capacities to assist with this prioritization.يتم إعطاء الأولوية لتوفير القدرات الكافية نظرًا للتأثير الكبير لحدوثها و/أو احتمال حدوثها. ارجع إلى التقييم السابق لقدرات المواجهة للمساعدة في تحديد الأولويات.
D9: Risk mitigation actions: any additional preparedness actions, plus:إجراءات تخفيف المخاطر: أي إجراءات استعداد إضافية، بالإضافة إلى: | E9: Hazards that are characterized as having both high impact and high likelihood should receive the highest priority for capacity development and should be specifically identified in contingency plans.إن المخاطر التي توصف بأنها ذات تأثير كبير واحتمال كبير يجب أن تحظى بالأولوية القصوى لتنمية القدرات وينبغي تحديدها على وجه التحديد في خطط الطوارئ.
D12: Hazard 1 | E12: Hazard 2 | F12: Hazard 3 | G12: Hazard 4 | H12: Hazard 5 | I12: Hazard 6 | J12: Hazard 7 | K12: Hazard 8 | L12: Hazard 9 | M12: Hazard 10
C13: Hazard name | D13: Dengue | E13: Cholera | F13: Malaria | G13: VHF | H13: Covid-19 | I13: Influenza | J13: Mass Casualities | K13: Chemical | L13: Radiological | M13: Physical
C14: HAZARD COLOUR | D14: YELLOW | E14: RED | F14: YELLOW | G14: YELLOW | H14: YELLOW | I14: RED | J14: GREEN | K14: YELLOW | L14: GREEN | M14: YELLOW
C15: MITIGATION MEASURES تدابير التخفيف | D15: 1- تقوية نظام الترصد الحشري وعمل محطة تقصي بالمطار 2- توفير معينات العمل ( مبيدات + طلمبات) 3- تدريب الكوادر على أعمل التقصي والمكافحة لناقلات الأمراض محلياً وإقليمياً 4- إحكام التنسيق مع النظام الصحي المحلي وصحة البيئة بالولاية وسبطة الطيران المدني والجهات ذات الصلة . 5- رفع الوعي الصحي والبيئي للمسافرين والعاملين بنقطة دخول مطار بورتسودان بأهمية ناقلات الأمراض والوقاية منها . | E15: 1-تقوية نظام الرصد والمتابعة والكشف المبكر للحالات والتنسيق مع نظام الترصد المرضي الولائي وتبادل المعلومات في حال حدوث الأوبئة . 2- تدريب الكادر على أنشطة الفرز الأولي والثانوي بالمطار 3- تقوية نظام مكافحة العدوى بالمطار 4- تدريب الكادر المعالج على تشخيص المرض وتقديم الإسعاف الأولي للحالات المكتشفة 5- التنسيق وإحكام الرقابة عليها بإستمرار .مع النظام الصحي في الولاية لتحويل الحالات المكتشفة 6 7- رفع الوعي الصحي وتنقية مياه الشرب ومعالجة مصادر المياه في المنطقة حول المطار- | F15: تقوية نظام الترصد الحشري وعمل محطة تقصي بالمطار 2- توفير معينات العمل ( مبيدات + طلمبات) 3- تدريب الكوادر على أعمال التقصي والمكافحة لناقلات الأمراض محلياً وإقليمياً 4- إحكام التنسيق مع النظام الصحي المحلي وصحة البيئة بالولاية وسلطة الطيران المدني والجهات ذات الصلة . 5- رفع الوعي الصحي والبيئي للمسافرين والعاملين بنقطة دخول مطار بورتسودان بأهمية ناقلات الأمراض والوقاية منها . 6- تجهيز العيادة في المطار بالفحص السريع للملاريا وتوفير الأدوية للعاملين بنقطة دخول مطار بورتسودان الدولي . | G15: 1- تقوية نظام الترصد الحشري وعمل محطة تقصي بالمطار 2- توفير معينات العمل ( مبيدات + طلمبات) 3- تدريب الكوادر على أعمل التقصي والمكافحة لناقلات الأمراض محلياً وإقليمياً 4- إحكام التنسيق مع النظام الصحي المحلي وصحة البيئة بالولاية وسبطة الطيران المدني والجهات ذات الصلة . 5- رفع الوعي الصحي والبيئي للمسافرين والعاملين بنقطة دخول مطار بورتسودان بأهمية ناقلات الأمراض والوقاية منها . | H15: 1- تقوية نظام الترصد المرضي والإكتشاف المبكر للحالات 2- تدريب الكادر على إكتشاف الحالات وإدارتها 3- تتوفير معينات مكافحة العدوى ومعدات السلامة اللازمة 4- تدريب فرق الإستجابة بنقطة الدخول على أعمال المكافحة والإحتواء لكافة المهددات الصحية . 5- رفع الوعي الصحي والبيئي لدى المسافرين والعاملين بنقطة الدخول حول خطورة المرض وكيفية الوقاية منه 6- تهيئة العيادة بنقطة الدخول وتوفير مستلزمات أدوية الطوارئ والمستهلكات الطبية. 7- تدريب الكوادر الطبية بالعيادة على الفرز الثانوي ونظام الإحالة . | I15: 1- تقوية نظام الترصد المرضي والإكتشاف المبكر للحالات 2- تدريب الكادر على إكتشاف الحالات وإدارتها 3- تتوفير معينات مكافحة العدوى ومعدات السلامة اللازمة 4- تدريب فرق الإستجابة بنقطة الدخول على أعمال المكافحة والإحتواء لكافة المهددات الصحية . 5- رفع الوعي الصحي والبيئي لدى المسافرين والعاملين بنقطة الدخول حول خطورة االأنفلونزا وانواعها وكيفية الوقاية منها 6- تهيئة العيادة بنقطة الدخول وتوفير مستلزمات أدوية الطوارئ والمستهلكات الطبية. 7- تدريب الكوادر الطبية بالعيادة على الفرز الثانوي ونظام الإحالة . | J15: 1- تقوية نظام الرصد والإكتشاف للأحداث والظواهر المهددة للصحة العمومية 2- تدريب الكادر على إكتشاف الأحداث وطرق إدارتها والإستجابة لها 3- توفير معينات مكافحة العدوى ومعدات السلامة اللازمة 4- تدريب فرق الإستجابة السريعة بنقطة الدخول على إدارة الطارئ والإحتواء . 5- رفع الوعي الصحي والبيئي لدى المسافرين والعاملين 8- العمل على إنشاء وحدة إنذار مبكر للأحداث والمهددات الصحية بنقطة الدخول بالتنسيق مع الجهات ذات الصلة ..بنقطة الدخول حول أهمية الإهتمام بمعدات الوقاية الشخصية والسلامة أثناء العمل . 6- تهيئة العيادة بنقطة الدخول وتوفير مستلزمات أدوية الطوارئ والحوادث التي قد تطرأ بنقطة الدخول . 7- تدريب الكوادر الطبية و تقوية نظام الاحالة بالعيادة على الفرز أثناء الحدث ونظام الإحالة . | K15: 1- تقوية نظام الرصد والإكتشاف للأحداث الكيميائية والظواهر المهددة للصحة العمومية 2- تدريب الكادر على إكتشاف الأحداث والمخاطر الكيميائية وطرق إدارتها والإستجابة لها 3- توفير معينات مكافحة العدوى ومعدات السلامة اللازمة للمخاطر 4- تدريب فُرق الإستجابة السريعة بنقطة الدخول على إدارة الطارئ والإحتواء . 5- رفع الوعي الصحي والبيئي لدى المسافرين والعاملين 8- العمل على إنشاء وحدة إنذار مبكر للأحداث والمهددات الصحية بنقطة الدخول بالتنسيق مع الجهات ذات الصلة ..بنقطة الدخول حول أهمية الإهتمام بمعدات الوقاية الشخصية والسلامة أثناء العمل . 6- تهيئة العيادة بنقطة الدخول وتوفير مستلزمات أدوية الطوارئ والحوادث التي قد تطرأ بنقطة الدخول . 7- تدريب الكوادر الطبية بالعيادة على الفرز أثناء الحدث ونظام الإحالة . | L15: 1- تقوية نظام الرصد والإكتشاف للأحداث الإشعائية والظواهر المهددة للصحة العمومية 2- تدريب الكادر على إكتشاف الأحداث والمخاطر االإشعائية وطرق إدارتها والإستجابة لها 3- توفير معينات مكافحة العدوى ومعدات السلامة اللازمة للمخاطر 4- تكوين وتدريب فرق إستجابة سريعة متخصصة بنقطة الدخول على أعمل إدارة الطارئ والإحتواء . 5- رفع الوعي الصحي والبيئي لدى المسافرين والعاملين حول مخاطر التعرض لمواد الإشعائية 8- العمل على إنشاء وحدة إنذار مبكر للأحداث والمهددات الصحية بنقطة الدخول بالتنسيق مع الجهات ذات الصلة ..بنقطة الدخول حول أهمية الإهتمام بمعدات الوقاية الشخصية والسلامة أثناء العمل . 6- تهيئة العيادة بنقطة الدخول وتوفير مستلزمات أدوية الطوارئ والحوادث التي قد تطرأ بنقطة الدخول . 7- تدريب الكوادر الطبية بالعيادة على الفرز أثناء الحدث ونظام الإحالة . | M15: 1- تقوية نظام الرصد والإكتشاف للأحداث الفيزيائية والظواهر المهددة للصحة العمومية . 2- تدريب الكادر على إكتشاف الأحداث والمخاطر التي تنتج جراء الأحداث الطبيعية وطرق إدارتها والإستجابة لها . 3- توفير معينات مكافحة العدوى ومعدات السلامة اللازمة للمخاطر . 4- تكوين وتدريب فرق الإستجابة السريعة بنقطة الدخول على إدارة الطارئ والإحتواء . 5- رفع الوعي الصحي والبيئي لدى المسافرين والعاملين تجاه المخاطر البيئية بنقطة الدخول و حول أهمية الإهتمام بمعدات الوقاية الشخصية والسلامة أثناء العمل .. 8- العمل على إنشاء وحدة إنذار مبكر للأحداث والمهددات الصحية بنقطة الدخول بالتنسيق مع الجهات ذات الصلة 6- تهيئة العيادة بنقطة الدخول 8- تقوية نظام الإحالة بنقطة الدخول بتوفير الإسعافات وبناء نظام تواصل إلكتروني بين عيادة نقطة الدخول والمؤسسات الصحية بالداخل .وتوفير مستلزمات أدوية الطوارئ والإسعافات الأولية للحوادث التي قد تطرأ بنقطة الدخول . 7- تدريب الكوادر الطبية بالعيادة على الفرز أثناء الحدث ونظام الإحالة .

Sheet Support sheet 
B4: Exposure
B5: Variable | C5: Scoring
B6: Very low exposed | C6: 1
B7: Low exposed | C7: 2
B8: Moderate exposed | C8: 3
B9: High exposed | C9: 4
B10: Very high exposed | C10: 5
B14: Likelihood
B15: Variable | C15: Score | E15: Variable | F15: Score
B16: Very unlikely | C16: 1 | E16: YES | F16: 1
B17: Unlikely | C17: 2 | E17: NO | F17: 0
B18: Likely | C18: 3
B19: Very likely | C19: 4
B20: Almost certain | C20: 5
B23: Severity
B24: Variable | C24: Score
B25: Very low severity | C25: 1 | E25: High | F25: 2
B26: Low severity | C26: 2 | E26: Medium | F26: 1
B27: Moderate severity | C27: 3 | E27: Low | F27: 0
B28: High severity | C28: 4 | E28: Not available | F28: 0
B29: Very high severity | C29: 5
B33: Capacity
B34: Variable | C34: Score | G34: Variable | H34: Total score
B35: Yes / Completed | C35: 2 | F35: 1 | G35: Very high | H35: 61 - 49
B36: Maybe / In progress | C36: 1 | F36: 2 | G36: High | H36: 48 - 37
B37: No | C37: 0 | F37: 3 | G37: Partial | H37: 36 - 25
F38: 4 | G38: Low | H38: 24 - 13
F39: 5 | G39: Very low | H39: 12 - 0
C42: Variable
B43: 1 | C43: Very high
B44: 2 | C44: High
B45: 3 | C45: Partial
B46: 4 | C46: Low
B47: 5 | C47: Very low
B51: Impact
B52: Variable | C52: Score
B53: Very low | C53: 1
B54: Low | C54: 2
B55: Moderate | C55: 3
B56: High | C56: 4
B57: Very high | C57: 5
B61: GREEN
B62: YELLOW
B63: RED
B66: GREEN | E66: GREEN
B67: YELLOW | E67: YELLOW
B68: RED | E68: RED
B69: NO COLOUR | E69: NO COLOR
